movie_title,opening_gross,screens
10 Days in a Madhouse ,2451.0,10.0
10 Things I Hate About You ,8330681.0,2271.0
102 Dalmatians ,19883351.0,2704.0
12 Rounds ,5329240.0,2331.0
12 Years a Slave ,923715.0,19.0
127 Hours ,264851.0,4.0
13 Going on 30 ,21054238.0,3438.0
1408 ,20617667.0,2678.0
15 Minutes ,10523154.0,2337.0
16 Blocks ,11855260.0,2706.0
17 Again ,23722310.0,3255.0
2 Guns ,27059130.0,3025.0
2012 ,65237614.0,3404.0
2046 ,113074.0,4.0
21 & Over ,8754168.0,2771.0
21 Grams ,274454.0,8.0
21 Jump Street ,36302612.0,3121.0
21 ,24105943.0,2648.0
22 Jump Street ,57071445.0,3306.0
27 Dresses ,27442040.0,3057.0
28 Days ,10310672.0,2523.0
28 Weeks Later ,9807292.0,2303.0
3 Days to Kill ,12242218.0,2872.0
3:10 to Yuma ,14035033.0,2652.0
30 Days of Night ,15951902.0,2855.0
30 Minutes or Less ,13330118.0,2888.0
300: Rise of an Empire ,45038460.0,3470.0
3000 Miles to Graceland ,7160521.0,2545.0
300 ,70885301.0,
40 Days and 40 Nights ,12229529.0,2225.0
42 ,27487144.0,3003.0
47 Ronin ,9869000.0,2689.0
5 Days of War ,6254.0,2.0
50 First Dates ,45107871.0,3591.0
54 ,6611532.0,1859.0
8 Mile ,51240555.0,2470.0
88 Minutes ,6957216.0,2168.0
8MM ,14252888.0,2370.0
9 ,10740446.0,1661.0
A Beautiful Mind ,2501096.0,524.0
A Bug's Life ,33258052.0,2686.0
A Christmas Carol ,30051075.0,3683.0
A Cinderella Story ,13623350.0,2625.0
A Civil Action ,15163484.0,1802.0
A Dangerous Method ,167953.0,4.0
A Good Day to Die Hard ,24834845.0,3553.0
A Good Year ,3721526.0,2066.0
A Guy Thing ,8006232.0,2515.0
A History of Violence ,515992.0,14.0
A Knight's Tale ,16511391.0,2980.0
A Lot Like Love ,7576593.0,2502.0
A Madea Christmas ,16000000.0,2194.0
A Man Apart ,11019224.0,2459.0
A Mighty Heart ,3948863.0,1355.0
A Million Ways to Die in the West ,17069000.0,3158.0
A Most Violent Year ,1512224.0,818.0
A Most Wanted Man ,2717000.0,361.0
A Night at the Roxbury ,9604791.0,1865.0
A Perfect Getaway ,5948555.0,2159.0
A Scanner Darkly ,391672.0,
A Simple Plan ,3422072.0,660.0
A Simple Wish ,2732880.0,1676.0
A Sound of Thunder ,1190791.0,816.0
A Thousand Words ,6176280.0,1890.0
A Time to Kill ,19630000.0,2123.0
A Very Harold & Kumar 3D Christmas ,12954142.0,2875.0
A Very Long Engagement ,101749.0,4.0
A Walk Among the Tombstones ,12758780.0,2712.0
A Walk on the Moon ,78709.0,7.0
A Walk to Remember ,12177488.0,2411.0
A.I. Artificial Intelligence ,29352630.0,3242.0
Abandon ,5064077.0,2341.0
Abduction ,10925253.0,3118.0
About a Boy ,8557630.0,1207.0
About Last Night ,27838201.0,2253.0
About Schmidt ,282367.0,6.0
About Time ,1076250.0,175.0
Abraham Lincoln: Vampire Hunter ,16306974.0,3108.0
Absolute Power ,16770220.0,2568.0
Across the Universe ,3824988.0,954.0
Act of Valor ,10121.0,12.0
Adaptation. ,384478.0,7.0
Admission ,6154984.0,2160.0
After Earth ,27520040.0,3401.0
After the Sunset ,11100392.0,2819.0
Against the Ropes ,3038546.0,1601.0
Agent Cody Banks 2: Destination London ,8014005.0,2973.0
Agent Cody Banks ,14064317.0,3369.0
Air Force One ,37132505.0,2919.0
Alex & Emma ,6111074.0,2310.0
Alex Cross ,11396768.0,2339.0
Alex Rider: Operation Stormbreaker ,215177.0,221.0
"Alexander and the Terrible, Horrible, No Good, Very Bad Day ",18360230.0,3088.0
Alexander ,13687087.0,2445.0
Alfie ,6218335.0,2215.0
Alice Through the Looking Glass ,28112000.0,3763.0
Alien: Resurrection ,16474092.0,2415.0
Aliens in the Attic ,8008423.0,3106.0
Aliens vs. Predator: Requiem ,13655306.0,2611.0
Ali ,10216625.0,2446.0
All About Steve ,14058106.0,2251.0
All About the Benjamins ,10007291.0,1505.0
All Good Things ,37172.0,2.0
All the King's Men ,3672366.0,1514.0
All the Pretty Horses ,4860556.0,1548.0
All the Queen's Men ,15026.0,17.0
Almost Famous ,2314646.0,131.0
Aloha ,9670235.0,2815.0
Alone in the Dark ,2834421.0,2124.0
Along Came a Spider ,16712407.0,2530.0
Along Came Polly ,32450825.0,2984.0
Alpha and Omega ,9106906.0,2625.0
Alvin and the Chipmunks: Chipwrecked ,23244744.0,3723.0
Alvin and the Chipmunks: The Road Chip ,14287159.0,3653.0
Alvin and the Chipmunks: The Squeakquel ,48875415.0,3700.0
Alvin and the Chipmunks ,44307417.0,3475.0
Amen. ,16284.0,5.0
America's Sweethearts ,30181877.0,3011.0
American Beauty ,861531.0,16.0
American Dreamz ,3667420.0,1500.0
American Gangster ,43565135.0,3054.0
American Hustle ,740455.0,6.0
American Outlaws ,4855475.0,2348.0
American Pie 2 ,45117985.0,3063.0
American Pie ,18709680.0,2508.0
American Reunion ,21514080.0,3192.0
American Sniper ,89269067.0,3555.0
American Wedding ,33369440.0,3172.0
Amistad ,4661866.0,322.0
An American Carol ,3656000.0,1639.0
An American Haunting ,5783508.0,1680.0
An Ideal Husband ,198802.0,
An Unfinished Life ,1008308.0,139.0
Anacondas: The Hunt for the Blood Orchid ,12812287.0,2905.0
Anaconda ,16620887.0,2456.0
Analyze That ,11034422.0,2635.0
Analyze This ,18383507.0,2518.0
Anastasia ,204350.0,200.0
Anchorman 2: The Legend Continues ,26232425.0,3507.0
Anchorman: The Legend of Ron Burgundy ,28416365.0,3091.0
And So It Goes ,4552000.0,1762.0
Angel Eyes ,9225575.0,2375.0
Angela's Ashes ,54628.0,6.0
Angels & Demons ,46204168.0,3527.0
Anna and the King ,5223416.0,2132.0
Anna Karenina ,320690.0,16.0
Annie ,15861939.0,3116.0
Anonymous ,1012768.0,265.0
Ant-Man ,57225526.0,3856.0
Antitrust ,5486209.0,2433.0
Antwone Fisher ,210013.0,15.0
Antz ,17195160.0,2449.0
Any Given Sunday ,13584625.0,2505.0
Anything Else ,1673125.0,1033.0
Anywhere But Here ,5607137.0,1672.0
Apocalypto ,15005604.0,
Appaloosa ,248847.0,14.0
Ararat ,211130.0,6.0
Arbitrage ,2002165.0,197.0
Are We There Yet? ,18575214.0,2709.0
Argo ,19458109.0,3232.0
Arlington Road ,7515145.0,1631.0
Armageddon ,36089972.0,3127.0
Armored ,6511128.0,1915.0
Arthur Christmas ,12068931.0,3376.0
As Good as It Gets ,12606928.0,1572.0
Assault on Precinct 13 ,6502724.0,2297.0
Asterix at the Olympic Games ,,
Astro Boy ,6702923.0,3014.0
At First Sight ,8444321.0,1814.0
Atlantis: The Lost Empire ,329011.0,2.0
ATL ,11554404.0,
Atonement ,796836.0,32.0
Attack the Block ,137580.0,8.0
August Rush ,9421369.0,2310.0
Austin Powers in Goldmember ,73071188.0,3613.0
Austin Powers: International Man of Mystery ,9548111.0,2187.0
Austin Powers: The Spy Who Shagged Me ,54917604.0,3312.0
Australia ,14800723.0,2642.0
Autumn in New York ,10987006.0,2255.0
Avatar ,77025481.0,3452.0
Avengers: Age of Ultron ,191271109.0,4276.0
AVP: Alien vs. Predator ,38291056.0,3395.0
Away We Go ,130411.0,4.0
Baahubali: The Beginning ,1405000.0,210.0
Babe: Pig in the City ,6162640.0,2384.0
Babel ,389351.0,7.0
Baby Boy ,8606403.0,1533.0
Baby Geniuses ,5613587.0,1689.0
Baby Mama ,17407110.0,2543.0
Babylon A.D. ,11541571.0,3390.0
Bad Boys II ,46522560.0,3186.0
Bad Company ,11007367.0,2944.0
Bad Lieutenant: Port of Call New Orleans ,245398.0,27.0
Bad Moms ,23817340.0,3215.0
Bad Santa ,12292952.0,2005.0
Bad Teacher ,31603106.0,3049.0
Bait ,,
Ballistic: Ecks vs. Sever ,7010474.0,2705.0
Bandits ,13050700.0,3207.0
Bandslam ,2231273.0,2121.0
Bangkok Dangerous ,7783266.0,2650.0
Barbershop 2: Back in Business ,24241612.0,2711.0
Barbershop ,20627433.0,1605.0
Barney's Great Adventure ,2585292.0,540.0
Barney's Version ,65241.0,4.0
Basic Instinct 2 ,3201420.0,
Basic ,11511960.0,2876.0
Batman & Robin ,42872606.0,2934.0
Batman Begins ,48745440.0,3858.0
Batman v Superman: Dawn of Justice ,166007347.0,4242.0
Battle Los Angeles ,37573187.0,3417.0
Battle of the Year ,4603177.0,2008.0
Battleship ,25534825.0,3690.0
Be Cool ,23450212.0,3216.0
Be Kind Rewind ,4050655.0,808.0
Beastly ,9851102.0,1952.0
Beautiful Creatures ,7582595.0,2950.0
Beauty Shop ,12801465.0,2659.0
Beavis and Butt-Head Do America ,20114233.0,2190.0
Because I Said So ,13122865.0,2526.0
Because of Winn-Dixie ,13218723.0,3188.0
Becoming Jane ,2902117.0,601.0
Bedazzled ,13106526.0,2568.0
Bedtime Stories ,27450296.0,3681.0
Bee Movie ,38021044.0,3928.0
Beerfest ,7031228.0,2964.0
Before I Go to Sleep ,1843347.0,1902.0
Behind Enemy Lines ,18736133.0,2770.0
Being John Malkovich ,637721.0,25.0
Being Julia ,101126.0,8.0
Beloved ,8165551.0,1501.0
Beowulf ,27515871.0,3153.0
Beverly Hills Chihuahua ,29300465.0,3215.0
Beyond Borders ,2076402.0,1798.0
Bicentennial Man ,8234926.0,2518.0
Big Daddy ,41536370.0,3027.0
Big Fat Liar ,11554015.0,2531.0
Big Fish ,207377.0,6.0
Big Hero 6 ,56215889.0,3761.0
Big Miracle ,7760205.0,2047.0
Big Momma's House 2 ,27736056.0,3261.0
Big Momma's House ,25661041.0,2802.0
"Big Mommas: Like Father, Like Son ",19000000.0,2821.0
Big Trouble ,3545204.0,1961.0
Birdman or (The Unexpected Virtue of Ignorance) ,2471471.0,857.0
Birthday Girl ,2370809.0,1000.0
Birth ,1705577.0,550.0
Black Hawk Down ,193021.0,4.0
Black Knight ,11102948.0,2571.0
Black Nativity ,3669530.0,1516.0
Black Snake Moan ,4143199.0,
Black Swan ,1443809.0,18.0
Blackhat ,4415000.0,2567.0
Blade: Trinity ,16061271.0,2912.0
Blades of Glory ,33014202.0,3372.0
Blast from the Past ,9160263.0,2542.0
Blended ,18185000.0,3555.0
Bless the Child ,9413684.0,2524.0
Blindness ,1950260.0,1690.0
Blood and Chocolate ,2074300.0,1200.0
Blood and Wine ,420993.0,166.0
Blood Diamond ,8648324.0,
Blood Work ,7312413.0,2525.0
BloodRayne ,1550000.0,985.0
Blow ,12443461.0,2249.0
Blue Crush ,14169455.0,3002.0
Blue Jasmine ,612064.0,6.0
Blue Streak ,19208806.0,2735.0
Boat Trip ,3815075.0,1714.0
Bobby Jones: Stroke of Genius ,1233297.0,1332.0
Bobby ,69039.0,2.0
Body of Lies ,12884416.0,2710.0
Bogus ,1895593.0,1134.0
Bon voyage ,27480.0,1.0
Boogeyman ,19020655.0,3052.0
Boogie Nights ,4681934.0,907.0
Book of Shadows: Blair Witch 2 ,13223887.0,3317.0
Bowfinger ,18062550.0,2706.0
Brave ,66323594.0,4164.0
Breakdown ,12307128.0,2108.0
Breakfast of Champions ,42326.0,7.0
Brick Mansions ,9516855.0,2647.0
Bride of Chucky ,11830855.0,2412.0
Bride Wars ,21058173.0,3226.0
Bridge of Spies ,15371203.0,2811.0
Bridge to Terabithia ,28536717.0,3139.0
Bridget Jones's Diary ,10733933.0,1611.0
Bridget Jones: The Edge of Reason ,8684055.0,530.0
Brighton Rock ,,
Bringing Down the House ,31101026.0,2801.0
Bringing Out the Dead ,6193052.0,1936.0
Brokeback Mountain ,547425.0,5.0
Brokedown Palace ,3871616.0,1740.0
Broken Arrow ,,
Broken City ,8268908.0,2620.0
Brooklyn ,187281.0,5.0
Brother ,60029.0,11.0
Bruce Almighty ,85734045.0,3483.0
Bubble Boy ,2038349.0,1605.0
Buffalo Soldiers ,30977.0,6.0
Bullet to the Head ,4548201.0,2404.0
Bulletproof Monk ,8653542.0,2955.0
Bulworth ,10515839.0,2047.0
Burlesque ,11947744.0,3037.0
Burn After Reading ,19128001.0,2651.0
Burnt ,5002521.0,3003.0
By the Sea ,96250.0,10.0
Cadillac Records ,3445559.0,687.0
Capitalism: A Love Story ,231964.0,4.0
Captain America: Civil War ,179139142.0,4226.0
Captain America: The First Avenger ,65058524.0,3715.0
Captain America: The Winter Soldier ,95023721.0,3938.0
Captain Corelli's Mandolin ,7209345.0,1595.0
Captain Phillips ,26000000.0,3020.0
Carnage ,79795.0,5.0
Cars 2 ,66135507.0,4115.0
Case 39 ,5350570.0,2211.0
Casino Jack ,34528.0,7.0
Cast Away ,28883406.0,2774.0
Catch a Fire ,2026997.0,1306.0
Catch Me If You Can ,30082000.0,3156.0
Catch That Kid ,5824860.0,2847.0
Cats & Dogs: The Revenge of Kitty Galore ,12279363.0,3705.0
Cats & Dogs ,21707617.0,3040.0
Cats Don't Dance ,1212189.0,1252.0
Catwoman ,16728411.0,3117.0
Celebrity ,1588013.0,493.0
Cellular ,10100571.0,2749.0
Center Stage ,4604621.0,1506.0
Central Intelligence ,35535250.0,3508.0
Centurion ,42826.0,12.0
Chain Reaction ,7546000.0,2255.0
Changeling ,9351560.0,1.0
Changing Lanes ,17128062.0,2613.0
Chappie ,13346782.0,3201.0
Charlie and the Chocolate Factory ,56178450.0,
Charlie Bartlett ,1836256.0,1122.0
Charlie St. Cloud ,12381585.0,2718.0
Charlie Wilson's War ,15952430.0,2575.0
Charlie's Angels: Full Throttle ,37634221.0,3459.0
Charlie's Angels ,40128550.0,3037.0
Charlotte's Web ,11457353.0,3566.0
Chasing Liberty ,6081483.0,2400.0
Chasing Mavericks ,2268274.0,2002.0
Cheaper by the Dozen 2 ,15340679.0,3175.0
Cheaper by the Dozen ,27557647.0,3298.0
Chicago ,2074929.0,77.0
Chicken Little ,40049778.0,3654.0
Chicken Run ,17506162.0,2491.0
Child 44 ,621812.0,510.0
Children of Men ,179268.0,
Chill Factor ,5810531.0,2558.0
Chloe ,900688.0,350.0
Chocolat ,3093590.0,658.0
Christmas with the Kranks ,21570867.0,3393.0
Chronicle ,22004098.0,2907.0
Cinderella Man ,18320205.0,2812.0
Cirque du Freak: The Vampire's Assistant ,6293205.0,3074.0
Cirque du Soleil: Worlds Away ,2135000.0,840.0
City by the Sea ,8935426.0,2575.0
City Hall ,,
City of Angels ,15369048.0,2212.0
City of Ember ,3129473.0,2022.0
City of Ghosts ,30547.0,6.0
CJ7 ,49770.0,19.0
Click ,40011365.0,3749.0
Clockstoppers ,10108333.0,2540.0
Closer ,7707972.0,476.0
Cloud Atlas ,9612247.0,2008.0
Cloudy with a Chance of Meatballs 2 ,34017930.0,4001.0
Cloudy with a Chance of Meatballs ,30304648.0,3119.0
Cloverfield ,46146546.0,3411.0
Coach Carter ,29168180.0,2524.0
Coco Before Chanel ,177399.0,5.0
Code Name: The Cleaner ,4244142.0,
Cold Mountain ,14574213.0,2163.0
Collateral Damage ,15058432.0,2824.0
Collateral ,24701458.0,3188.0
Colombiana ,10408176.0,2614.0
Con Air ,24131738.0,2824.0
Concussion ,10513749.0,2841.0
Confessions of a Dangerous Mind ,12537.0,2.0
Confessions of a Teenage Drama Queen ,9350572.0,2503.0
Confidence ,4563588.0,1871.0
Connie and Carla ,3254940.0,1014.0
Conspiracy Theory ,19313566.0,2806.0
Contact ,20584908.0,1923.0
Containment ,,
Contraband ,24349815.0,2863.0
Cop Land ,13510482.0,2233.0
Cop Out ,18211126.0,3150.0
Copying Beethoven ,70460.0,26.0
Coraline ,16849646.0,2299.0
Corky Romano ,9023173.0,2062.0
Corpse Bride ,385078.0,5.0
Country Strong ,30000.0,2.0
Couples Retreat ,34286740.0,3000.0
Courage Under Fire ,12501000.0,1986.0
Courage ,1365000.0,1565.0
Coyote Ugly ,17319282.0,2653.0
Cradle 2 the Grave ,16521486.0,2625.0
Cradle Will Rock ,93998.0,8.0
Crank: High Voltage ,6963565.0,2223.0
Crank ,12896635.0,2515.0
Crazy in Alabama ,1010596.0,1214.0
"Crazy, Stupid, Love. ",19104303.0,3020.0
Creed ,29632823.0,3404.0
Criminal ,5767278.0,2683.0
Critical Care ,43380.0,10.0
Crocodile Dundee in Los Angeles ,7714362.0,2123.0
"Crouching Tiger, Hidden Dragon ",663205.0,16.0
Cruel Intentions ,13020565.0,2312.0
Curious George ,14703405.0,2566.0
Daddy Day Care ,27623580.0,3370.0
Daddy's Home ,38740203.0,3271.0
Dance Flick ,12622450.0,2450.0
Dancer in the Dark ,91612.0,3.0
Dante's Peak ,18479435.0,2657.0
Dark Blue ,3880688.0,2176.0
Dark City ,5576953.0,1754.0
Dark Shadows ,29685274.0,3755.0
Dark Water ,9939251.0,2657.0
Darling Companion ,39962.0,4.0
Date Movie ,21812384.0,2896.0
Date Night ,25207599.0,3374.0
Dawn of the Planet of the Apes ,72611427.0,3967.0
Daybreakers ,15146692.0,2523.0
Daylight ,10014795.0,2175.0
De-Lovely ,400001.0,16.0
Dead Man Down ,5345250.0,2188.0
Dead Man on Campus ,4704688.0,1797.0
Deadpool ,135050000.0,3558.0
Dear John ,30468614.0,2969.0
Death Race ,12621090.0,2532.0
Death Sentence ,5337257.0,1822.0
Death to Smoochy ,4266463.0,2164.0
Deck the Halls ,12001256.0,3205.0
Deconstructing Harry ,356476.0,10.0
Deep Blue Sea ,19107643.0,2854.0
Deep Impact ,41152375.0,3156.0
Deep Rising ,4737793.0,1758.0
Delgo ,511920.0,2160.0
Deliver Us from Evil ,9740471.0,3049.0
Delivery Man ,8215000.0,3036.0
Derailed ,12211986.0,2443.0
Despicable Me 2 ,83517315.0,3997.0
Despicable Me ,56397125.0,3476.0
Detroit Rock City ,2005512.0,1802.0
Deuce Bigalow: European Gigolo ,9626287.0,3127.0
Deuce Bigalow: Male Gigolo ,12224016.0,2151.0
Diary of a Wimpy Kid: Dog Days ,14623599.0,3391.0
Diary of a Wimpy Kid: Rodrick Rules ,23751502.0,3167.0
Diary of a Wimpy Kid ,22126166.0,3077.0
Dickie Roberts: Former Child Star ,6660540.0,2026.0
Dick ,2210267.0,1522.0
Did You Hear About the Morgans? ,6616571.0,2718.0
Die Another Day ,47072040.0,3314.0
Dinner for Schmucks ,23527839.0,2911.0
Dinosaur ,38854851.0,3257.0
Dirty Grandpa ,11111875.0,2912.0
Dirty Work ,3634236.0,1776.0
Disaster Movie ,6945535.0,2642.0
District 9 ,37354308.0,3049.0
Disturbia ,22224982.0,2925.0
Disturbing Behavior ,7070714.0,1842.0
Divergent ,54607747.0,3936.0
Divine Secrets of the Ya-Ya Sisterhood ,16167412.0,2507.0
Django Unchained ,30688000.0,3010.0
DOA: Dead or Alive ,260713.0,505.0
Dodgeball: A True Underdog Story ,30070196.0,2694.0
Dolphin Tale 2 ,15873397.0,3656.0
Domestic Disturbance ,14033112.0,2910.0
Domino ,4670120.0,2223.0
Don't Be Afraid of the Dark ,8525728.0,2760.0
Don't Say a Word ,17090474.0,2802.0
Donnie Brasco ,11660216.0,1503.0
Doogal ,3605899.0,2318.0
Doomsday ,4926565.0,1936.0
Doom ,15488870.0,3043.0
Double Jeopardy ,23162542.0,2547.0
Double Take ,4650.0,1.0
Doubt ,507226.0,15.0
Down to Earth ,20027309.0,2521.0
Downfall ,18195.0,1.0
Dracula 2000 ,8636567.0,2204.0
Dracula Untold ,23514615.0,2885.0
Draft Day ,9783603.0,2781.0
Drag Me to Hell ,15825480.0,2508.0
Dragonball: Evolution ,4756488.0,2181.0
Dragonfly ,10216025.0,2507.0
DragonHeart ,1238000.0,
Dream House ,8129355.0,2661.0
Dreamcatcher ,15027423.0,2945.0
Dreamer: Inspired by a True Story ,9178233.0,2007.0
Dreamgirls ,378950.0,3.0
Dredd ,6278491.0,2506.0
Drillbit Taylor ,10309986.0,3056.0
Drive Angry ,5187625.0,2290.0
Driven ,12174504.0,2905.0
Drive ,11340461.0,2886.0
Drowning Mona ,5802229.0,1981.0
Drumline ,12604705.0,1836.0
"Dude, Where's My Car? ",13845914.0,2087.0
Dudley Do-Right ,3018345.0,1802.0
Due Date ,32689406.0,3355.0
Duets ,2002588.0,581.0
Duma ,105422.0,42.0
Dumb and Dumber To ,14200000.0,3154.0
Dumb and Dumberer: When Harry Met Lloyd ,10845064.0,2609.0
Duplex ,4617128.0,2189.0
Duplicity ,13965110.0,2574.0
Dylan Dog: Dead of Night ,754779.0,875.0
Eagle Eye ,29150721.0,3510.0
Earth to Echo ,8250000.0,3230.0
Earth ,42449.0,8.0
Eastern Promises ,547092.0,15.0
Easy Virtue ,143038.0,10.0
Eat Pray Love ,23104523.0,3082.0
Eddie the Eagle ,6084682.0,2042.0
Edge of Darkness ,17214384.0,3066.0
Edge of Tomorrow ,28760246.0,3490.0
Edtv ,8311290.0,2626.0
Eight Below ,24968601.0,3066.0
Eight Legged Freaks ,6485458.0,2530.0
Elektra ,14792335.0,3203.0
Elf ,31113501.0,3337.0
Elizabeth: The Golden Age ,6153075.0,2001.0
Elizabethtown ,10618711.0,2517.0
Elizabeth ,275131.0,9.0
Ella Enchanted ,6169030.0,1931.0
Elysium ,29807393.0,3284.0
Enchanted ,34440317.0,3730.0
End of Days ,20523595.0,2593.0
End of Watch ,13152683.0,2730.0
Ender's Game ,27017351.0,3407.0
Endless Love ,15059000.0,2800.0
Enemy at the Gates ,13810266.0,1509.0
Enemy of the State ,20038573.0,2393.0
Enough ,17213137.0,2623.0
Enter the Void ,43651.0,3.0
Entrapment ,20145595.0,2815.0
Envy ,6160886.0,2445.0
Epic Movie ,18612544.0,2801.0
Epic ,33531068.0,3882.0
Equilibrium ,541512.0,301.0
Eragon ,23239907.0,3020.0
Eraser ,24566446.0,2410.0
Erin Brockovich ,28138465.0,2848.0
Ernest & Celestine ,13078.0,1.0
Escape from L.A. ,8912557.0,2312.0
Escape from Planet Earth ,15891055.0,3288.0
Escape Plan ,9800000.0,2883.0
Escobar: Paradise Lost ,106869.0,105.0
Eternal Sunshine of the Spotless Mind ,8175198.0,1353.0
EuroTrip ,6711384.0,2512.0
Evan Almighty ,31192615.0,3604.0
Event Horizon ,9511915.0,2311.0
Ever After: A Cinderella Story ,8526904.0,1767.0
Everest ,13242895.0,3006.0
Everybody's Fine ,3852068.0,2133.0
Everyone Says I Love You ,131678.0,3.0
Evil Dead ,25775847.0,3025.0
Evita ,8381055.0,704.0
Ex Machina ,5349500.0,1255.0
Executive Decision ,12100000.0,
Exit Wounds ,18485586.0,2830.0
Exodus: Gods and Kings ,24115934.0,3503.0
Exorcist: The Beginning ,18054001.0,2803.0
Extraordinary Measures ,6012594.0,2545.0
Extreme Measures ,6906546.0,2298.0
Extreme Ops ,2233525.0,1800.0
Extremely Loud & Incredibly Close ,110775.0,6.0
Eye for an Eye ,6968044.0,1528.0
Eye of the Beholder ,5959447.0,1751.0
Eye See You ,32300.0,78.0
Eyes Wide Shut ,21706163.0,2411.0
Failure to Launch ,24411322.0,3057.0
Fair Game ,651802.0,46.0
Faithful ,,
Fame ,10011682.0,3096.0
Fantasia 2000 ,2911485.0,1313.0
Fantastic 4: Rise of the Silver Surfer ,58051684.0,3959.0
Fantastic Mr. Fox ,6965267.0,2033.0
Far from Heaven ,211279.0,6.0
Fast Five ,86198765.0,3644.0
Faster ,8523153.0,2454.0
Fat Albert ,10021510.0,2674.0
Fateless ,12680.0,
Fear and Loathing in Las Vegas ,4335095.0,1126.0
Feardotcom ,7087457.0,2550.0
Felicia's Journey ,43131.0,5.0
Femme Fatale ,2776248.0,1066.0
Fever Pitch ,12400125.0,3267.0
Fifty Shades of Grey ,94395000.0,3646.0
Fight Club ,11035485.0,1963.0
Final Destination 2 ,16017141.0,2834.0
Final Destination 3 ,19173094.0,2880.0
Final Destination 5 ,18031396.0,3155.0
Final Destination ,10015822.0,2587.0
Final Fantasy: The Spirits Within ,11408853.0,2649.0
Find Me Guilty ,608804.0,439.0
Finding Forrester ,701207.0,200.0
Finding Nemo ,16687773.0,2904.0
Finding Neverland ,220524.0,8.0
Firestorm ,,
Firewall ,13635463.0,2840.0
Flags of Our Fathers ,10245190.0,1876.0
Flash of Genius ,2251075.0,1098.0
Fled ,5405000.0,2104.0
Flicka ,7703551.0,2877.0
Flight of the Phoenix ,5019430.0,2604.0
Flightplan ,24629938.0,3424.0
Flight ,24900566.0,1884.0
Flipped ,224233.0,45.0
Flipper ,213370.0,
Flubber ,35892031.0,2641.0
Flushed Away ,18814323.0,3707.0
Flyboys ,6004219.0,2033.0
Focus ,18685137.0,3323.0
Fool's Gold ,21589295.0,3125.0
For Colored Girls ,19497324.0,2127.0
For Love of the Game ,13041685.0,2829.0
For Your Consideration ,372012.0,23.0
Forgetting Sarah Marshall ,17725330.0,2798.0
Formula 51 ,2817719.0,1857.0
Four Brothers ,21176925.0,2533.0
Four Christmases ,31069826.0,3310.0
Frailty ,4208655.0,1497.0
Frankenweenie ,11412213.0,3005.0
Freaky Friday ,22203007.0,2954.0
Freddy Got Fingered ,7098459.0,2271.0
Freddy vs. Jason ,36428066.0,3014.0
Free Birds ,15805237.0,3736.0
Free State of Jones ,7772000.0,
Freedom Writers ,9405582.0,
Frequency ,9025584.0,2621.0
Frida ,205996.0,5.0
Friends with Benefits ,18622150.0,2926.0
From Dusk Till Dawn ,10240805.0,2004.0
From Hell ,11014818.0,2305.0
From Justin to Kelly ,2715848.0,2001.0
From Paris with Love ,8158860.0,2722.0
Frozen ,67391326.0,3742.0
Fun Size ,4101017.0,3014.0
Fun with Dick and Jane ,21530160.0,3056.0
Funny Games ,510958.0,274.0
Funny People ,22657780.0,3007.0
Fur: An Imaginary Portrait of Diane Arbus ,28815.0,4.0
Furious 7 ,147187040.0,4004.0
Furry Vengeance ,6627564.0,2997.0
Fury ,82251953.0,3313.0
G-Force ,31706934.0,3697.0
G.I. Jane ,11094241.0,1945.0
G.I. Joe: Retaliation ,40501814.0,3719.0
G.I. Joe: The Rise of Cobra ,54713046.0,4007.0
Galaxy Quest ,7012630.0,2412.0
Gamer ,11203761.0,2502.0
Gangs of New York ,9496870.0,1504.0
Gangster Squad ,17070347.0,3103.0
Garfield ,21727611.0,3094.0
Gattaca ,4320202.0,1279.0
George of the Jungle ,22878989.0,2506.0
Georgia Rule ,6773870.0,2523.0
Get Carter ,6637830.0,2315.0
Get Hard ,33803253.0,3175.0
Get Him to the Greek ,17570955.0,2697.0
Get on Up ,13585915.0,2468.0
Get Rich or Die Tryin' ,12020807.0,1652.0
Get Smart ,38683480.0,3911.0
Getaway ,5606142.0,2130.0
Ghost Rider: Spirit of Vengeance ,22115334.0,3174.0
Ghost Rider ,52022908.0,3619.0
Ghost Ship ,11503423.0,2787.0
Ghost Town ,5012315.0,1505.0
Ghosts of Mars ,3804452.0,2048.0
Ghosts of Mississippi ,168012.0,21.0
Gigli ,3753518.0,2215.0
Girl 6 ,,
Girl with a Pearl Earring ,89472.0,7.0
"Girl, Interrupted ",95399.0,9.0
Gladiator ,34819017.0,2938.0
Glory Road ,16927589.0,2222.0
Goal! The Dream Begins ,1921838.0,1007.0
Gods and Generals ,4675246.0,1533.0
Gods of Egypt ,14123903.0,3117.0
Godsend ,6800617.0,2323.0
Going the Distance ,8508290.0,3030.0
Gone Girl ,37513109.0,3014.0
Gone in Sixty Seconds ,25336048.0,3006.0
Good Luck Chuck ,13652001.0,2612.0
Good ,9508.0,2.0
Goosebumps ,23618556.0,3501.0
Gosford Park ,3395759.0,658.0
Gossip ,2321729.0,1525.0
Gothika ,19288438.0,2382.0
Gran Torino ,271720.0,6.0
Gravity ,55785112.0,3575.0
Green Lantern ,53174303.0,3816.0
Green Zone ,14309295.0,3003.0
Gridiron Gang ,14414630.0,3504.0
Grindhouse ,11596613.0,2624.0
Grosse Pointe Blank ,6870397.0,1227.0
Grown Ups 2 ,41508572.0,3491.0
Grown Ups ,40506562.0,3534.0
Grudge Match ,7310000.0,2838.0
Guardians of the Galaxy ,94320883.0,4080.0
Guess Who ,20671446.0,3147.0
Gulliver's Travels ,6307691.0,2546.0
"Hail, Caesar! ",11355225.0,2232.0
Hairspray ,27476745.0,3121.0
Half Past Dead ,7820536.0,2113.0
Hall Pass ,13535374.0,2950.0
Halloween: Resurrection ,12292121.0,1954.0
Hancock ,62603879.0,3965.0
Hanging Up ,13567978.0,
Hannah Montana: The Movie ,32324487.0,3118.0
Hannibal Rising ,13051650.0,3003.0
Hansel & Gretel: Witch Hunters ,19690956.0,3372.0
Happily N'Ever After ,6608244.0,
Happy Feet 2 ,21237068.0,3606.0
Hard Rain ,8009024.0,2107.0
Hardball ,9386342.0,2137.0
Harold & Kumar Escape from Guantanamo Bay ,14908404.0,2510.0
Harriet the Spy ,9580000.0,1826.0
Harry Potter and the Chamber of Secrets ,88357488.0,3682.0
Harry Potter and the Deathly Hallows: Part II ,,
Harry Potter and the Deathly Hallows: Part I ,,
Harry Potter and the Goblet of Fire ,102335066.0,3858.0
Harry Potter and the Half-Blood Prince ,77835727.0,4325.0
Harry Potter and the Order of the Phoenix ,77108414.0,4.0
Harry Potter and the Prisoner of Azkaban ,93687367.0,3855.0
Harry Potter and the Sorcerer's Stone ,90294621.0,3672.0
Hart's War ,8907413.0,2459.0
Haywire ,8425370.0,2439.0
He Got Game ,7610663.0,1319.0
He's Just Not That Into You ,27785487.0,3175.0
Head of State ,13503484.0,2151.0
Head Over Heels ,4804595.0,2338.0
Heartbreakers ,11801323.0,2750.0
Hearts in Atlantis ,9021494.0,1751.0
Heaven Is for Real ,22522221.0,2417.0
Hellboy II: The Golden Army ,34539115.0,3204.0
Herbie Fully Loaded ,12709221.0,3521.0
Here Comes the Boom ,11816596.0,3014.0
Here on Earth ,4510705.0,1714.0
Hereafter ,220322.0,6.0
Her ,260382.0,6.0
Hidalgo ,18829435.0,3063.0
Hide and Seek ,21959233.0,3005.0
High Crimes ,14005550.0,2717.0
High Fidelity ,6429107.0,1183.0
High School Musical 3: Senior Year ,42030184.0,3623.0
Highlander: Endgame ,6223330.0,1543.0
Hitch ,43142214.0,3575.0
Hitman ,13180769.0,2458.0
Holes ,16300155.0,2331.0
Hollow Man ,26414386.0,2956.0
Hollywood Ending ,2017981.0,765.0
Hollywood Homicide ,11112632.0,2840.0
Holy Man ,5106919.0,2013.0
Home on the Range ,13880771.0,3047.0
Homefront ,6915241.0,2570.0
Honey ,12856040.0,1942.0
Hoodwinked Too! Hood vs. Evil ,4108630.0,2505.0
Hoodwinked! ,16879402.0,2394.0
Hoot ,3368197.0,3018.0
Hope Floats ,14210464.0,2367.0
Hope Springs ,14650121.0,2361.0
Hop ,37543710.0,3579.0
Horrible Bosses 2 ,15457418.0,3375.0
Horrible Bosses ,28302165.0,3040.0
Hostage ,10214734.0,2123.0
Hot Fuzz ,5848464.0,825.0
Hot Pursuit ,13942258.0,3003.0
Hot Rod ,5310711.0,2607.0
Hot Tub Time Machine 2 ,5963324.0,2880.0
Hot Tub Time Machine ,14020502.0,2754.0
Hotel for Dogs ,17012212.0,3271.0
Hotel Rwanda ,100091.0,7.0
Hotel Transylvania 2 ,48464322.0,3754.0
Hotel Transylvania ,42522194.0,3349.0
House of Flying Daggers ,397472.0,15.0
House of Sand and Fog ,45572.0,2.0
House on Haunted Hill ,15946032.0,2710.0
Housefull ,642156.0,82.0
How Do You Know ,7484696.0,2483.0
How High ,9779850.0,1266.0
How She Move ,3957471.0,1531.0
How Stella Got Her Groove Back ,11318919.0,1395.0
How the Grinch Stole Christmas ,55082330.0,3127.0
How to Be a Player ,5736692.0,
How to Be Single ,18750000.0,3343.0
How to Deal ,5809960.0,2319.0
How to Lose a Guy in 10 Days ,23774850.0,2923.0
How to Lose Friends & Alienate People ,1430294.0,1750.0
How to Train Your Dragon 2 ,49451322.0,4253.0
How to Train Your Dragon ,43732319.0,4055.0
Hugo ,11364505.0,1277.0
Hulk ,62128420.0,3660.0
I Am Legend ,77211321.0,3606.0
I Am Number Four ,22755854.0,3.0
I Am Sam ,25993.0,1.0
I Can Do Bad All by Myself ,23446785.0,2255.0
I Don't Know How She Does It ,4402201.0,2476.0
I Dreamed of Africa ,2411445.0,2112.0
I Heart Huckabees ,292177.0,4.0
I Know What You Did Last Summer ,15818645.0,2524.0
I Love You Phillip Morris ,112520.0,6.0
"I Love You, Beth Cooper ",4919433.0,1858.0
"I Love You, Man ",17810270.0,2711.0
I Still Know What You Did Last Summer ,16520038.0,2443.0
I Think I Love My Wife ,5674802.0,1776.0
I'm Not There. ,730819.0,130.0
"I, Robot ",52179887.0,3420.0
Ice Age: Continental Drift ,46629259.0,3881.0
Ice Age: Dawn of the Dinosaurs ,41690382.0,4099.0
Ice Age: The Meltdown ,68033544.0,
Ice Age ,46312454.0,3316.0
Ice Princess ,6807471.0,2501.0
Identity Thief ,34551025.0,3141.0
Identity ,16225263.0,2733.0
Idle Hands ,1807181.0,1611.0
Idlewild ,5745780.0,973.0
If I Stay ,15679190.0,2907.0
Imagine That ,5503519.0,3008.0
Immortals ,32206425.0,3112.0
Impostor ,3022523.0,1870.0
In & Out ,15019821.0,1992.0
In Bruges ,457227.0,28.0
In Dreams ,4593872.0,1670.0
In Good Company ,151750.0,3.0
In the Cut ,97625.0,6.0
In the Land of Blood and Honey ,9479.0,2.0
In the Land of Women ,4712341.0,2155.0
In the Name of the King: A Dungeon Siege Tale ,2984524.0,1632.0
In the Valley of Elah ,133557.0,9.0
In Time ,12050368.0,3122.0
Independence Day: Resurgence ,41039944.0,4068.0
Independence Day ,50228264.0,2.0
Indiana Jones and the Kingdom of the Crystal Skull ,126917373.0,4260.0
Infamous ,452966.0,179.0
Inherent Vice ,2773260.0,645.0
Inkheart ,7601379.0,2655.0
Inside Llewyn Davis ,405411.0,4.0
Inside Man ,28954945.0,2818.0
Inside Out ,90440272.0,3946.0
Insomnia ,20930169.0,2610.0
Inspector Gadget ,21889138.0,2814.0
Instinct ,10390387.0,2059.0
Interstellar ,47510360.0,3561.0
Into the Blue ,7057854.0,2789.0
Into the Storm ,18015000.0,3434.0
Into the Wild ,212440.0,4.0
Into the Woods ,31051923.0,2440.0
Intolerable Cruelty ,12525075.0,2564.0
Invictus ,8611147.0,2125.0
Ip Man 3 ,784839.0,103.0
Iron Man 2 ,128122480.0,4380.0
Iron Man 3 ,174144585.0,4253.0
Iron Man ,98618668.0,4105.0
Isn't She Great ,1368705.0,750.0
It's Complicated ,22100822.0,2887.0
J. Edgar ,11217324.0,1910.0
Jack and Jill ,25003575.0,3438.0
Jack Ryan: Shadow Recruit ,17200000.0,3387.0
Jack the Giant Slayer ,27202226.0,3525.0
Jackass 3D ,50353641.0,3081.0
Jackass Number Two ,29002002.0,3059.0
Jakob the Liar ,2056647.0,1200.0
Jane Got a Gun ,803000.0,1210.0
Jarhead ,27726210.0,2411.0
Jason Bourne ,60000000.0,4026.0
Jason X ,6649006.0,1878.0
Jay and Silent Bob Strike Back ,11018543.0,2765.0
Jeepers Creepers II ,18365222.0,3124.0
Jennifer's Body ,6868397.0,2702.0
Jerry Maguire ,17084296.0,2531.0
Jersey Boys ,13319371.0,2905.0
Jersey Girl ,8319171.0,1520.0
Jimmy Neutron: Boy Genius ,18554948.0,3139.0
Jindabyne ,28298.0,6.0
Jingle All the Way ,12112267.0,2401.0
Joe Dirt ,8016008.0,2638.0
Joe Somebody ,5377635.0,2506.0
John Carter ,30180188.0,3749.0
John Q ,23612171.0,2466.0
Johnny English Reborn ,3833300.0,1552.0
Johnny English ,9134085.0,2236.0
Johnson Family Vacation ,9375307.0,1317.0
Jonah Hex ,5379365.0,2825.0
Jonah: A VeggieTales Movie ,6201345.0,940.0
Josie and the Pussycats ,4562455.0,2556.0
Journey 2: The Mysterious Island ,27335363.0,3470.0
Journey to the Center of the Earth ,21018141.0,2811.0
Joy Ride ,7347259.0,2497.0
Joyeux Noel ,42732.0,6.0
Joyful Noise ,11225190.0,2735.0
Joy ,17500000.0,2896.0
Julie & Julia ,20027956.0,2354.0
Jumper ,32092991.0,3428.0
Jupiter Ascending ,18372372.0,3181.0
Jurassic Park III ,50771645.0,3434.0
Jurassic World ,208806270.0,4274.0
Just Go with It ,30514732.0,3548.0
Just Like Heaven ,16408718.0,3508.0
Just Married ,17548993.0,2766.0
Just My Luck ,5692285.0,2541.0
Just Visiting ,2272489.0,1590.0
Just Wright ,8284989.0,1831.0
Justin Bieber: Never Say Never ,29514054.0,3105.0
Juwanna Mann ,5474270.0,1325.0
K-19: The Widowmaker ,12778459.0,2828.0
K-PAX ,17215275.0,2541.0
Kabhi Alvida Naa Kehna ,1351786.0,
Kangaroo Jack ,21895483.0,2818.0
Kansas City ,432183.0,215.0
Kate & Leopold ,2562448.0,2449.0
Katy Perry: Part of Me ,7138266.0,2730.0
Keanu ,9453224.0,2658.0
Keeping the Faith ,8078671.0,2152.0
Kick-Ass 2 ,13332955.0,2940.0
Kick-Ass ,19828687.0,3065.0
Kicking & Screaming ,20159925.0,3455.0
Kill Bill: Vol. 1 ,22089322.0,3102.0
Kill Bill: Vol. 2 ,25104949.0,2971.0
Killer Elite ,9300000.0,2986.0
Killers ,15837266.0,2859.0
Killing Them Softly ,6812900.0,2424.0
King's Ransom ,2137685.0,1508.0
Kingpin ,5582000.0,1956.0
Kinsey ,169038.0,5.0
Kiss Kiss Bang Bang ,180660.0,8.0
Kiss of the Dragon ,13304027.0,2025.0
Kiss the Girls ,13215167.0,2271.0
Knight and Day ,20139985.0,3098.0
Knock Off ,5516000.0,1800.0
Knockaround Guys ,5016852.0,1806.0
Knocked Up ,30690990.0,2871.0
Knowing ,24604751.0,3332.0
Krampus ,16293325.0,2902.0
Kundun ,1620041.0,429.0
Kung Fu Hustle ,269225.0,7.0
Kung Fu Panda 2 ,47835000.0,3925.0
Kung Fu Panda 3 ,41282042.0,3955.0
Kung Fu Panda ,60239130.0,4114.0
L.A. Confidential ,5211198.0,769.0
Labor Day ,5175282.0,2584.0
Ladder 49 ,22088204.0,3260.0
Lady in the Water ,18044396.0,3235.0
Lake Placid ,10974145.0,2096.0
Lakeview Terrace ,15004672.0,2464.0
Land of the Dead ,10221705.0,2249.0
Land of the Lost ,18837350.0,3521.0
Lara Croft Tomb Raider: The Cradle of Life ,21783641.0,3222.0
Lara Croft: Tomb Raider ,47735743.0,3308.0
Larry Crowne ,13006875.0,2973.0
Larry the Cable Guy: Health Inspector ,6922767.0,1710.0
Lars and the Real Girl ,90418.0,7.0
Last Holiday ,15508779.0,2514.0
Last Orders ,99528.0,7.0
Last Vegas ,16334566.0,3065.0
Law Abiding Citizen ,21039502.0,2890.0
Laws of Attraction ,6728905.0,2449.0
Leap Year ,2727.0,1.0
Leatherheads ,12682595.0,2769.0
Lee Daniels' The Butler ,24637312.0,2933.0
"Legally Blonde 2: Red, White & Blonde ",22220670.0,3350.0
Legally Blonde ,20377426.0,2620.0
Legend of the Guardians: The Owls of Ga'Hoole ,16112211.0,3575.0
Legends of Oz: Dorothy's Return ,3715931.0,2575.0
Legend ,86836.0,4.0
Legion ,17501625.0,2476.0
Les couloirs du temps: Les visiteurs II ,68316.0,24.0
Let Me In ,5147479.0,2021.0
Let's Be Cops ,17813722.0,3094.0
Letters from Iwo Jima ,122548.0,5.0
Letters to Juliet ,13540486.0,2968.0
Liar Liar ,31423025.0,2845.0
License to Wed ,10422258.0,2604.0
Life as a House ,294056.0,29.0
Life of Pi ,22451514.0,2927.0
Life or Something Like It ,6219234.0,2604.0
Light It Up ,2408613.0,1219.0
Like Mike ,12179420.0,2410.0
Lilo & Stitch ,35260212.0,3191.0
Lincoln ,21049406.0,1775.0
Lions for Lambs ,6702434.0,
Little Black Book ,7075217.0,2445.0
Little Boy ,2750356.0,1045.0
Little Children ,97953.0,5.0
Little Fockers ,30833665.0,3536.0
Little Nicholas ,,
Little Nicky ,16063904.0,2910.0
Littleman ,21613176.0,2533.0
Live Free or Die Hard ,33369559.0,3408.0
Living Out Loud ,4319745.0,1086.0
Lockout ,6231836.0,2308.0
London Has Fallen ,21635601.0,3490.0
Lone Survivor ,84857.0,2.0
Looney Tunes: Back in Action ,9317371.0,2903.0
Looper ,20801552.0,2992.0
Lord of War ,9390144.0,2814.0
Lords of Dogtown ,5623373.0,1865.0
Loser ,6008611.0,2016.0
Lost in Space ,20154919.0,3306.0
Lost Souls ,7954766.0,1970.0
Lottery Ticket ,10652297.0,1973.0
Love & Basketball ,8139180.0,1237.0
Love & Other Drugs ,9739161.0,2455.0
Love Actually ,6886080.0,576.0
Love Happens ,8057010.0,1898.0
Love in the Time of Cholera ,1924860.0,852.0
Love Ranch ,60353.0,11.0
Love the Coopers ,8317545.0,2603.0
Lucky Number Slevin ,7031921.0,1984.0
Lucky Numbers ,4536625.0,2497.0
Lucy ,43899340.0,3173.0
Machete Kills ,3837183.0,2538.0
Machete ,14102888.0,2670.0
Machine Gun Preacher ,45130.0,4.0
Mad City ,4649742.0,2194.0
Mad Max: Fury Road ,45428128.0,3702.0
Mad Money ,9273645.0,2470.0
Madagascar 3: Europe's Most Wanted ,60316738.0,4258.0
Madagascar: Escape 2 Africa ,63106589.0,4056.0
Madagascar ,61012130.0,4131.0
Made of Honor ,14756850.0,2729.0
Madea Goes to Jail ,41030947.0,2032.0
Madea's Witness Protection ,25390575.0,2161.0
Madison ,268370.0,93.0
Magic Mike XXL ,11600000.0,3355.0
Magnolia ,193604.0,7.0
Maid in Manhattan ,18711407.0,2838.0
Maleficent ,,
Malibu's Most Wanted ,12618159.0,2503.0
Mama ,28123052.0,2647.0
Mamma Mia! ,27751240.0,2976.0
Man of Steel ,116619362.0,4207.0
Man of the Year ,12299380.0,2515.0
Man on a Ledge ,8001932.0,2998.0
Man on Fire ,22751490.0,2979.0
Mandela: Long Walk to Freedom ,84283.0,4.0
Manderlay ,15117.0,2.0
Mao's Last Dancer ,199657.0,33.0
Marci X ,872950.0,1200.0
Margaret ,7525.0,2.0
Marie Antoinette ,5361050.0,859.0
Marley & Me ,36367586.0,3480.0
Marmaduke ,11599661.0,3213.0
Married Life ,55851.0,9.0
Mars Attacks! ,9384272.0,1955.0
Mars Needs Moms ,6914488.0,3117.0
Martian Child ,3376669.0,2020.0
Marvin's Room ,57739.0,6.0
Mary Reilly ,2812620.0,1470.0
Master and Commander: The Far Side of the World ,25105990.0,3101.0
Match Point ,529434.0,
Max Keeble's Big Move ,5377958.0,2014.0
Max Payne ,17639849.0,3376.0
Maximum Risk ,5611707.0,2358.0
Max ,12155254.0,2855.0
"McFarland, USA ",11020798.0,2755.0
Me and Orson Welles ,63638.0,4.0
Me Before You ,18723269.0,2704.0
"Me, Myself & Irene ",24209385.0,3019.0
Mean Girls ,24432195.0,2839.0
Meet Dave ,5251918.0,3011.0
Meet Joe Black ,15017995.0,2503.0
Meet the Deedles ,2006751.0,1763.0
Meet the Fockers ,46120980.0,3518.0
Meet the Spartans ,18505530.0,2605.0
Megamind ,46016833.0,3944.0
Megiddo: The Omega Code 2 ,1573454.0,314.0
Memoirs of a Geisha ,682504.0,
Men in Black ,51068455.0,3020.0
Men of Honor ,13339465.0,2092.0
Mercury Rising ,10104715.0,2386.0
Message in a Bottle ,18852976.0,2538.0
Metallica Through the Never ,1672000.0,305.0
Michael Clayton ,719910.0,15.0
Michael Collins ,187052.0,6.0
Mickey Blue Eyes ,10178289.0,2573.0
Micmacs ,51914.0,4.0
Midnight in Paris ,599003.0,6.0
Midnight in the Garden of Good and Evil ,5233658.0,824.0
Midnight Special ,190012.0,5.0
Mighty Joe Young ,10602042.0,2502.0
Milk ,1481155.0,882.0
Million Dollar Arm ,10511000.0,3019.0
Million Dollar Baby ,179953.0,8.0
Mindhunters ,1911358.0,1040.0
Minions ,115200000.0,4301.0
Minority Report ,35677125.0,3001.0
Miracle at St. Anna ,3477996.0,1185.0
Miracles from Heaven ,14812393.0,3047.0
Miracle ,19377577.0,2605.0
Mirror Mirror ,18132085.0,3603.0
Mirrors ,11161074.0,2664.0
Miss Congeniality 2: Armed and Fabulous ,14043215.0,3233.0
Miss Congeniality ,13853686.0,2668.0
Miss Potter ,13205.0,2.0
Mission to Mars ,22855247.0,3054.0
Mission: Impossible - Ghost Protocol ,29556629.0,3448.0
Mission: Impossible - Rogue Nation ,55520089.0,3956.0
Mission: Impossible III ,47743273.0,4054.0
Mona Lisa Smile ,11528498.0,2677.0
Money Monster ,14788157.0,3104.0
Money Talks ,10654369.0,2005.0
Moneyball ,19501302.0,2993.0
Monkeybone ,2685078.0,1722.0
Monster House ,22217226.0,3553.0
Monster-in-Law ,23105133.0,3424.0
Monsters University ,82429469.0,4004.0
Monsters vs. Aliens ,59321095.0,4104.0
"Monsters, Inc. ",5040000.0,2618.0
Monte Carlo ,8588318.0,2.0
Moonlight Mile ,329771.0,22.0
Moonrise Kingdom ,522996.0,4.0
Morning Glory ,9203266.0,2518.0
Mortal Kombat: Annihilation ,16771694.0,2140.0
Mortdecai ,4200586.0,2648.0
Moulin Rouge! ,71614.0,51.0
Mr 3000 ,8679028.0,2736.0
Mr. & Mrs. Smith ,50342878.0,3424.0
Mr. Bean's Holiday ,9889780.0,1714.0
Mr. Deeds ,37162787.0,3231.0
Mr. Peabody & Sherman ,32207057.0,3934.0
Mr. Popper's Penguins ,18445355.0,3339.0
Mr. Turner ,109000.0,5.0
Mrs Henderson Presents ,55344.0,
Mrs. Winterbourne ,,
Mulan ,22745143.0,2888.0
Mulholland Drive ,960558.0,247.0
Multiplicity ,5075000.0,2134.0
Mumford ,1851291.0,1452.0
Munich ,6040860.0,532.0
Muppets from Space ,4826049.0,2265.0
Muppets Most Wanted ,17005126.0,3194.0
Murder by Numbers ,9307394.0,2663.0
Music and Lyrics ,15875471.0,2955.0
Must Love Dogs ,12855321.0,2505.0
My Baby's Daddy ,7548819.0,1447.0
My Best Friend's Girl ,8265357.0,2604.0
My Best Friend's Wedding ,21678377.0,2134.0
My Big Fat Greek Wedding 2 ,17861950.0,3133.0
My Bloody Valentine ,21241456.0,2534.0
My Boss's Daughter ,4855798.0,2201.0
My Favorite Martian ,11181043.0,2275.0
My Life in Ruins ,3223161.0,1164.0
My Sister's Keeper ,12442212.0,2606.0
My Soul to Take ,6842220.0,2572.0
My Super Ex-Girlfriend ,8603460.0,2702.0
Mystery Men ,10017865.0,2136.0
"Mystery, Alaska ",3102191.0,1673.0
Mystic River ,640815.0,13.0
Nacho Libre ,28309599.0,3070.0
Nancy Drew ,6832318.0,2612.0
Nanny McPhee Returns ,8407685.0,2784.0
Nanny McPhee ,14503650.0,1995.0
National Treasure ,35142554.0,3017.0
Nebraska ,1552426.0,968.0
Need for Speed ,17844939.0,3115.0
Neighbors 2: Sorority Rising ,21760405.0,3384.0
Neighbors ,49033915.0,3279.0
Nerve ,9445456.0,2538.0
Never Back Down ,8603195.0,2729.0
Never Let Me Go ,111734.0,4.0
New Year's Eve ,13019180.0,3505.0
New York Minute ,5962106.0,3006.0
Night at the Museum: Battle of the Smithsonian ,70052004.0,4096.0
Night at the Museum: Secret of the Tomb ,17100520.0,3785.0
Night at the Museum ,42212651.0,
Nim's Island ,13210579.0,3513.0
Nine Queens ,40724.0,5.0
Nine ,257232.0,4.0
Ninja Assassin ,13316158.0,2503.0
No Country for Old Men ,1226333.0,28.0
No Good Deed ,24250283.0,2175.0
No Reservations ,11704357.0,2425.0
No Strings Attached ,19652921.0,3018.0
Non-Stop ,28875635.0,3090.0
North Country ,6422455.0,2555.0
Not Another Teen Movie ,12615116.0,2365.0
Notes on a Scandal ,5090.0,
Nothing to Lose ,11617767.0,1862.0
Notting Hill ,27689760.0,2747.0
Now You See Me 2 ,22383146.0,3232.0
Now You See Me ,29350389.0,2925.0
Nurse Betty ,7145950.0,1459.0
Nutty Professor II: The Klumps ,42518830.0,3242.0
"O Brother, Where Art Thou? ",195104.0,5.0
Oblivion ,37054485.0,3783.0
Observe and Report ,11017334.0,2727.0
Ocean's Eleven ,38107822.0,3075.0
Ocean's Thirteen ,36133403.0,3565.0
Ocean's Twelve ,39153380.0,3290.0
Oceans ,6000000.0,1206.0
Old Dogs ,16894511.0,3425.0
Old School ,17453216.0,2689.0
Oliver Twist ,68447.0,5.0
Olympus Has Fallen ,30373794.0,3098.0
On the Road ,39550.0,4.0
Once Upon a Time in Mexico ,23424118.0,3282.0
Ondine ,27497.0,5.0
One Day ,5079566.0,1721.0
One Hour Photo ,321515.0,7.0
One Missed Call ,12511473.0,2240.0
One Night with the King ,4106862.0,909.0
One True Thing ,6606455.0,1590.0
Ong-bak 2 ,26564.0,10.0
Open Range ,14047781.0,2075.0
Open Season ,23624548.0,3833.0
Operation Chromite ,31662.0,1.0
Original Sin ,6402741.0,2194.0
Orphan ,12871483.0,2750.0
Oscar and Lucinda ,137163.0,7.0
Osmosis Jones ,5271248.0,2305.0
Our Brand Is Crisis ,3238433.0,2202.0
Our Family Wedding ,7629862.0,1605.0
Out Cold ,4531665.0,2011.0
Out of Sight ,12020435.0,2107.0
Out of the Furnace ,5220288.0,2101.0
Out of Time ,16185316.0,3076.0
Over the Hedge ,38457003.0,4059.0
Oz the Great and Powerful ,79110453.0,3912.0
P.S. I Love You ,9283468.0,2454.0
Pacific Rim ,37285325.0,3275.0
Paddington ,25205000.0,3303.0
Pain & Gain ,20244505.0,3277.0
Pandorum ,4424126.0,2506.0
Panic Room ,30056751.0,3053.0
Paparazzi ,7855111.0,2115.0
Paper Towns ,12650140.0,3031.0
Parental Guidance ,14800000.0,3367.0
"Paris, je t'aime ",39242.0,2.0
Passchendaele ,,
Patch Adams ,25262280.0,2712.0
Paul Blart: Mall Cop 2 ,23762435.0,3633.0
Paul Blart: Mall Cop ,31832636.0,3144.0
Paul ,13043310.0,2802.0
Pay It Forward ,9631359.0,2130.0
Payback ,21221526.0,2720.0
Paycheck ,13462374.0,2762.0
Pearl Harbor ,75177654.0,3214.0
Peeples ,4611534.0,2041.0
Penguins of Madagascar ,25447444.0,3764.0
People I Know ,34211.0,5.0
Percy Jackson & the Olympians: The Lightning Thief ,38661634.0,3356.0
Percy Jackson: Sea of Monsters ,14401054.0,3031.0
Perfume: The Story of a Murderer ,55527.0,3.0
Phenomenon ,16200000.0,1637.0
Philomena ,128435.0,4.0
Phone Booth ,15021088.0,2481.0
Pineapple Express ,23245025.0,3072.0
Piranha 3D ,10106872.0,2470.0
Pirates of the Caribbean: At World's End ,139802190.0,4362.0
Pirates of the Caribbean: Dead Man's Chest ,135634554.0,
Pirates of the Caribbean: On Stranger Tides ,90151958.0,4155.0
Pirates of the Caribbean: The Curse of the Black Pearl ,46630690.0,3269.0
Pitch Black ,14015741.0,1832.0
Pitch Perfect 2 ,70300000.0,3473.0
Pitch Perfect ,5149433.0,335.0
Pixels ,24011616.0,3723.0
Planet 51 ,12286129.0,3.0
Play It to the Bone ,3366.0,1.0
Playing for Keeps ,5750288.0,2837.0
Pompeii ,10340823.0,2658.0
Pooh's Heffalump Movie ,5805559.0,2529.0
Poseidon ,22155410.0,3555.0
Post Grad ,2651996.0,1959.0
Practical Magic ,13104694.0,2652.0
Predators ,24760882.0,2699.0
Premium Rush ,6300000.0,2255.0
Premonition ,17558689.0,2831.0
Pride & Prejudice ,2865017.0,215.0
Pride and Glory ,6262396.0,2585.0
Pride and Prejudice and Zombies ,5324240.0,2931.0
Priest ,14953664.0,2864.0
Primary Colors ,12045395.0,1965.0
Prince of Persia: The Sands of Time ,37813075.0,3646.0
Project Almanac ,8500000.0,2893.0
Project X ,21051363.0,3055.0
Prom Night ,20804941.0,2700.0
Prometheus ,51050101.0,3396.0
Promised Land ,173915.0,25.0
Proof of Life ,10207869.0,2705.0
Public Enemies ,25271675.0,3334.0
Pulse ,8203822.0,
Punch-Drunk Love ,367203.0,5.0
Punisher: War Zone ,4271451.0,2508.0
Pushing Tin ,3555032.0,1283.0
Puss in Boots ,34077439.0,3952.0
Quantum of Solace ,67528882.0,3451.0
Quarantine ,14211321.0,2461.0
Quartet ,47122.0,2.0
Queen of the Damned ,14757535.0,2511.0
Quills ,249383.0,9.0
R.I.P.D. ,12691415.0,2852.0
Race to Witch Mountain ,24402214.0,3187.0
Rachel Getting Married ,293369.0,9.0
Racing Stripes ,18862432.0,3185.0
Radio ,13303724.0,3074.0
Raise Your Voice ,4022693.0,2521.0
Raising Helen ,14239252.0,2717.0
Ramona and Beezus ,7810481.0,2719.0
Random Hearts ,13012585.0,2697.0
Rango ,38079323.0,3917.0
Ransom ,34216088.0,2676.0
Rat Race ,11662094.0,2550.0
Ratatouille ,47027395.0,3940.0
Ravenous ,1040727.0,1040.0
Ray ,20039730.0,2006.0
Ready to Rumble ,5257778.0,2585.0
Real Steel ,27319677.0,3440.0
RED 2 ,18048422.0,3016.0
Red Cliff ,13104.0,2.0
Red Dragon ,36540945.0,3357.0
Red Eye ,16167662.0,3079.0
Red Lights ,10340.0,2.0
Red Planet ,8721296.0,2703.0
Red Riding Hood ,14005335.0,3030.0
Red Tails ,18782154.0,2512.0
Regression ,33915.0,100.0
Reign of Fire ,15632281.0,2629.0
Reign Over Me ,7460690.0,1671.0
Reindeer Games ,8128356.0,2204.0
Remember Me ,8089139.0,2212.0
Remember the Titans ,20905831.0,1865.0
Rendition ,4060012.0,2250.0
Rent ,10016021.0,
Repo Men ,6126170.0,2521.0
Resident Evil: Afterlife ,26650264.0,3203.0
Resident Evil: Apocalypse ,23036273.0,3284.0
Resident Evil: Extinction ,23678580.0,2828.0
Resident Evil: Retribution ,21052227.0,3012.0
Resident Evil ,17707106.0,2528.0
Resurrecting the Champ ,1667659.0,1605.0
Return to Me ,7820836.0,2007.0
Return to Never Land ,15623464.0,2605.0
Revolutionary Road ,189911.0,3.0
Riddick ,19030375.0,3117.0
Ride Along 2 ,34040000.0,3175.0
Ride Along ,41237000.0,2663.0
Ride with the Devil ,64159.0,8.0
Riding in Cars with Boys ,10404652.0,2770.0
Righteous Kill ,16288361.0,3152.0
Rio 2 ,39327869.0,3948.0
Rio ,39225962.0,3827.0
Rise of the Guardians ,23773465.0,3653.0
Rise of the Planet of the Apes ,54806191.0,3648.0
Risen ,11801271.0,2915.0
Road to Perdition ,22079481.0,1797.0
Road Trip ,15484004.0,2530.0
Robin Hood ,36063385.0,3503.0
Robots ,36045301.0,3776.0
Rock of Ages ,14437269.0,3470.0
Rock Star ,6018636.0,2525.0
RocknRolla ,144701.0,7.0
Rocky Balboa ,17003904.0,
Role Models ,19167085.0,2792.0
Rollerball ,9013548.0,2762.0
Romance & Cigarettes ,11630.0,2.0
Romeo Must Die ,18014503.0,2641.0
Ronin ,12697641.0,2487.0
Room ,1335563.0,862.0
Rounders ,8459126.0,2176.0
Rugrats Go Wild ,11556869.0,3041.0
Rugrats in Paris: The Movie ,22718184.0,2934.0
Run All Night ,11012305.0,3171.0
Runaway Bride ,35055556.0,3158.0
Runner Runner ,7706712.0,3026.0
Running Scared ,3381974.0,1611.0
Running with Scissors ,226108.0,8.0
Rush Hour 2 ,67408222.0,3118.0
Rush ,187289.0,5.0
S.W.A.T. ,37062535.0,3202.0
Sabotage ,5272444.0,2486.0
Safe Haven ,21401594.0,3223.0
Safe House ,40172720.0,3119.0
Safe ,7892539.0,2266.0
Sahara ,18068372.0,3154.0
Salt ,36011243.0,3612.0
San Andreas ,54588173.0,3777.0
Sanctum ,9447930.0,2787.0
Savages ,16016910.0,2628.0
Save the Last Dance ,27526443.0,2230.0
Saving Mr. Banks ,9344381.0,2110.0
Saving Private Ryan ,30576104.0,2463.0
Saving Silverman ,7411852.0,2467.0
Saw VI ,14118444.0,3036.0
Say It Isn't So ,2861903.0,1974.0
Scary Movie 2 ,20503356.0,3220.0
Scary Movie 3 ,48113770.0,3505.0
Scary Movie 4 ,40222875.0,3602.0
School for Scoundrels ,8602333.0,3004.0
School of Rock ,19622714.0,2614.0
Scooby-Doo 2: Monsters Unleashed ,29438331.0,3312.0
Scooby-Doo ,54155312.0,3447.0
Scott Pilgrim vs. the World ,10609795.0,2818.0
Scream 2 ,32926342.0,2.0
Scream 3 ,34713342.0,3467.0
Scream 4 ,18692090.0,3305.0
Scream ,6354586.0,1413.0
Screwed ,3342085.0,1759.0
Seabiscuit ,20854735.0,1987.0
Secondhand Lions ,12139832.0,3013.0
Secret in Their Eyes ,6652996.0,2392.0
Secret Window ,18237568.0,3018.0
Secretariat ,12694770.0,3072.0
See Spot Run ,9715102.0,2656.0
Seed of Chucky ,8774520.0,2059.0
Selena ,11615722.0,1850.0
Selma ,11307394.0,2179.0
Semi-Pro ,15075114.0,3121.0
September Dawn ,635000.0,857.0
Serendipity ,13309241.0,2601.0
Serenity ,10086680.0,2188.0
Serving Sara ,5758236.0,2154.0
Seven Pounds ,14851136.0,2758.0
Seven Psychopaths ,4174915.0,1480.0
Seven Years in Tibet ,10066508.0,2103.0
Seventh Son ,7217640.0,2875.0
Sex Tape ,14608152.0,3062.0
Sgt. Bilko ,8110080.0,
Shadow Conspiracy ,1370831.0,837.0
Shaft ,21714757.0,2337.0
Shakespeare in Love ,4224426.0,632.0
Shall We Dance ,11783467.0,1772.0
Shallow Hal ,22518295.0,2770.0
Shanghai Knights ,19603630.0,2753.0
Shanghai Noon ,19647065.0,2711.0
Shark Night 3D ,8404260.0,2806.0
Shark Tale ,47604606.0,4016.0
She's Out of My League ,9775278.0,2956.0
She's the Man ,10730372.0,2623.0
Sherlock Holmes: A Game of Shadows ,39637079.0,3703.0
Sherlock Holmes ,62304277.0,3626.0
Shooter ,14523571.0,2806.0
Shorts ,6410339.0,3.0
Shrek 2 ,108037878.0,4163.0
Shrek Forever After ,70838207.0,4359.0
Shrek the Third ,121629270.0,4122.0
Shrek ,42347760.0,3587.0
Shutter Island ,41062440.0,2991.0
Sicario ,12148041.0,2620.0
Sideways ,207042.0,4.0
Signs ,60117080.0,3264.0
Silent Hill: Revelation 3D ,8023036.0,2933.0
Silent Hill ,20152598.0,2926.0
Silent Trigger ,,
Silver Linings Playbook ,443003.0,16.0
Simon Birch ,3321370.0,596.0
Sin City: A Dame to Kill For ,6317683.0,2894.0
Sinbad: Legend of the Seven Seas ,6874477.0,3086.0
Six Days Seven Nights ,16485276.0,2550.0
Sky Captain and the World of Tomorrow ,15580278.0,3170.0
Sky High ,14631784.0,2905.0
Skyfall ,88364714.0,3505.0
Slackers ,2785283.0,1893.0
Sleepers ,12305745.0,1915.0
Slither ,3880270.0,
Slow Burn ,778123.0,
Slumdog Millionaire ,360018.0,10.0
Small Soldiers ,14047592.0,2539.0
Small Time Crooks ,3880723.0,865.0
Smilla's Sense of Snow ,107108.0,8.0
Smokin' Aces ,14638755.0,2218.0
Snake Eyes ,16310373.0,2713.0
Snow Day ,14331819.0,2664.0
Snow Dogs ,23708174.0,2302.0
Snow Falling on Cedars ,32135.0,3.0
Snow White and the Huntsman ,56217700.0,3773.0
Snowpiercer ,171187.0,8.0
Soldier ,6447237.0,2507.0
Solitary Man ,94936.0,4.0
Someone Like You... ,10010600.0,2345.0
Something Borrowed ,13945368.0,2904.0
Something's Gotta Give ,16064723.0,2677.0
Son of God ,26500000.0,3260.0
Son of the Mask ,7511675.0,2966.0
Sorority Boys ,4127903.0,1801.0
Sorority Row ,5059802.0,2665.0
Soul Men ,5401605.0,2044.0
Soul Plane ,7008711.0,1566.0
Soul Surfer ,10601862.0,2214.0
Soul Survivors ,1140698.0,601.0
Source Code ,14812094.0,2961.0
South Park: Bigger Longer & Uncut ,23076186.0,2128.0
Southland Tales ,123428.0,63.0
Southpaw ,16701294.0,2772.0
Space Chimps ,7181374.0,2511.0
Space Cowboys ,18093776.0,2805.0
Space Jam ,27528529.0,2650.0
Spanglish ,8817853.0,2438.0
Spawn ,21210131.0,2536.0
Spectre ,70403148.0,3929.0
Speed 2: Cruise Control ,16158942.0,2615.0
Speed Racer ,18561337.0,3606.0
Sphere ,18586765.0,2814.0
Spider-Man 2 ,115817364.0,4152.0
Spider-Man 3 ,151116516.0,4252.0
Spider-Man ,114844116.0,3615.0
Spirit: Stallion of the Cimarron ,23213736.0,3317.0
Splice ,7385277.0,2450.0
Spotlight ,295009.0,5.0
Spy Game ,21689125.0,2770.0
Spy Hard ,98176.0,
Spy Kids 2: Island of Lost Dreams ,16711716.0,3307.0
Spy Kids 3-D: Game Over ,33417739.0,3344.0
Spy Kids: All the Time in the World in 4D ,11644672.0,3295.0
Spy Kids ,1576897.0,1676.0
St. Trinian's ,,
St. Vincent ,109878.0,4.0
Star Trek Beyond ,59253211.0,3928.0
Star Trek Into Darkness ,70165559.0,3868.0
Star Trek: First Contact ,30716131.0,2812.0
Star Trek: Insurrection ,22052836.0,2620.0
Star Trek: Nemesis ,18513305.0,2711.0
Star Trek ,75204289.0,3849.0
Star Wars: Episode I - The Phantom Menace ,22469932.0,2655.0
Star Wars: Episode II - Attack of the Clones ,80027814.0,3161.0
Star Wars: Episode III - Revenge of the Sith ,108435841.0,3661.0
Stardust ,9169779.0,2540.0
Starship Troopers ,22058773.0,2971.0
Starsky & Hutch ,28103367.0,3185.0
State of Play ,14071280.0,2803.0
Stealing Harvard ,6041521.0,2366.0
Stealth ,13251545.0,3495.0
Steamboy ,136148.0,39.0
Steel ,870068.0,1260.0
Step Brothers ,30940732.0,3094.0
Step Up 2: The Streets ,22125429.0,2470.0
Step Up 3D ,15812311.0,2435.0
Step Up Revolution ,11731708.0,2567.0
Step Up ,20659573.0,2.0
Stepmom ,19142440.0,2358.0
Stick It ,10803610.0,2038.0
Stigmata ,18309666.0,2899.0
Stir of Echoes ,5811664.0,1888.0
Stoker ,160547.0,7.0
Stolen ,183125.0,141.0
Stomp the Yard ,25876318.0,2051.0
Stone ,75766.0,6.0
Stop-Loss ,4555117.0,1291.0
Straight Outta Compton ,56100000.0,2757.0
Strange Wilderness ,3001719.0,1208.0
Stranger Than Fiction ,13411093.0,2264.0
Straw Dogs ,5123760.0,2408.0
Street Fighter: The Legend of Chun-Li ,4721110.0,1136.0
Street Kings ,12469631.0,2467.0
Striptease ,12300000.0,1970.0
Stuart Little 2 ,15115152.0,3255.0
Stuart Little ,15018223.0,2878.0
Stuck on You ,9411055.0,3003.0
Sucker Punch ,19058199.0,3033.0
Suicide Squad ,,
Summer Catch ,7018593.0,2335.0
Summer of Sam ,7991450.0,1536.0
Sunshine ,242964.0,10.0
Super 8 ,35451168.0,3379.0
Superbabies: Baby Geniuses 2 ,3251856.0,1276.0
Superbad ,33052411.0,2948.0
Supercross ,1330520.0,1621.0
Superhero Movie ,9510297.0,2960.0
Superman Returns ,52535096.0,4065.0
Supernova ,6731940.0,2280.0
Superstar ,8912743.0,1943.0
Surf's Up ,17640249.0,3528.0
Suspect Zero ,3446375.0,1500.0
Sweet Home Alabama ,35648740.0,3293.0
Sweet November ,11015226.0,2268.0
Swing Vote ,6230669.0,2213.0
Switchback ,2704568.0,1128.0
Swordfish ,18145632.0,2678.0
Sydney White ,5196380.0,2104.0
"Synecdoche, New York ",172194.0,9.0
Tae Guk Gi: The Brotherhood of War ,363439.0,29.0
Take Me Home Tonight ,3464679.0,2003.0
Take the Lead ,12051277.0,3009.0
Taken 2 ,49514769.0,3661.0
Taken 3 ,39201657.0,3594.0
Takers ,20512304.0,2206.0
Taking Woodstock ,3457760.0,1393.0
Talladega Nights: The Ballad of Ricky Bobby ,47042215.0,3803.0
Tammy ,21577049.0,3465.0
Tangled ,48767052.0,3603.0
Tea with Mussolini ,1633183.0,270.0
Team America: World Police ,12120358.0,2539.0
Tears of the Sun ,17057213.0,2973.0
Ted 2 ,33507870.0,3442.0
Ted ,54415205.0,3239.0
Teenage Mutant Ninja Turtles: Out of the Shadows ,165685.0,33.0
Terminator 3: Rise of the Machines ,44041440.0,3504.0
Terminator Genisys ,27018486.0,3758.0
Terminator Salvation ,42558390.0,3530.0
Texas Chainsaw 3D ,21744470.0,2654.0
Texas Rangers ,319516.0,402.0
That's My Boy ,13453714.0,3030.0
The 13th Warrior ,10267756.0,2306.0
The 33 ,5787266.0,2452.0
The 40-Year-Old Virgin ,21422815.0,2845.0
The 5th Wave ,10326356.0,2908.0
The 6th Day ,13020883.0,2516.0
The Adjustment Bureau ,21157730.0,2840.0
The Adventures of Elmo in Grouchland ,3255033.0,1210.0
The Adventures of Pinocchio ,3832000.0,1779.0
The Adventures of Pluto Nash ,2182900.0,2320.0
The Adventures of Rocky & Bullwinkle ,6814270.0,2460.0
The Adventures of Sharkboy and Lavagirl 3-D ,12582088.0,2655.0
The Adventures of Tintin ,9720993.0,
The Age of Adaline ,13203458.0,2991.0
The Amazing Spider-Man 2 ,91608337.0,4324.0
The Amazing Spider-Man ,62004688.0,4318.0
The American ,16662333.0,2823.0
The Amityville Horror ,23507007.0,3323.0
The Angry Birds Movie ,38155177.0,3932.0
The Animal ,19610520.0,2788.0
The Ant Bully ,8432465.0,3050.0
The Apparition ,2955000.0,810.0
The Art of War ,10410993.0,2630.0
The Artist ,204878.0,4.0
The Assassination of Jesse James by the Coward Robert Ford ,147812.0,5.0
The Astronaut Farmer ,4454319.0,2155.0
The Astronaut's Wife ,4027003.0,2209.0
The Aviator ,858021.0,40.0
The Baader Meinhof Complex ,17348.0,2.0
The Back-up Plan ,12201710.0,3280.0
The Bank Job ,5935256.0,1603.0
The Beach ,15277921.0,2547.0
The Beaver ,107577.0,22.0
The Benchwarmers ,19656429.0,3274.0
The Best Man Holiday ,30593000.0,2024.0
The Best of Me ,10003827.0,2936.0
The BFG ,19584969.0,3357.0
The Big Bounce ,3336374.0,2304.0
The Big Hit ,10809424.0,2149.0
The Big Lebowski ,5533844.0,1207.0
The Big Short ,10531026.0,1585.0
The Big Wedding ,7591663.0,2633.0
The Big Year ,3251884.0,2150.0
The Black Dahlia ,10005895.0,2226.0
The Blind Side ,34119372.0,
The Blue Butterfly ,,
The Bone Collector ,16712020.0,2587.0
The Book of Eli ,38437553.0,3111.0
The Book of Life ,17005218.0,3071.0
The Book Thief ,4864861.0,1234.0
The Borrowers ,6075079.0,1535.0
The Boss ,23586645.0,3480.0
The Bounty Hunter ,20686423.0,3074.0
The Bourne Identity ,27118640.0,2638.0
The Bourne Legacy ,38142825.0,3745.0
The Bourne Supremacy ,52521865.0,3165.0
The Bourne Ultimatum ,69283690.0,3660.0
The Box ,7571417.0,2635.0
The Boy in the Striped Pajamas ,253085.0,17.0
The Break-Up ,39172785.0,3070.0
The Bridge of San Luis Rey ,12665.0,5.0
The Brothers Bloom ,90400.0,4.0
The Brothers Grimm ,15092079.0,3087.0
The Bucket List ,582534.0,16.0
The Cabin in the Woods ,14743614.0,2811.0
The Cable Guy ,19806226.0,2657.0
The Call ,17118745.0,2507.0
The Cat in the Hat ,38329160.0,3464.0
The Caveman's Valentine ,112041.0,16.0
The Cave ,6147294.0,2195.0
The Cell ,17515050.0,2411.0
The Change-Up ,13531115.0,2913.0
The Children of Huang Shi ,55760.0,7.0
The Chronicles of Narnia: Prince Caspian ,55034805.0,3929.0
"The Chronicles of Narnia: The Lion, the Witch and the Wardrobe ",65556312.0,
The Chronicles of Narnia: The Voyage of the Dawn Treader ,24005069.0,3555.0
The Chronicles of Riddick ,24289165.0,2757.0
The Claim ,94082.0,23.0
The Cold Light of Day ,1831588.0,1511.0
The Conjuring ,41855326.0,2903.0
The Conspirator ,3509048.0,707.0
The Constant Gardener ,10961311.0,1346.0
The Cookout ,6219794.0,1303.0
The Core ,12053131.0,3017.0
The Counselor ,7842930.0,3044.0
The Count of Monte Cristo ,11376150.0,2007.0
The Country Bears ,5309675.0,2553.0
The Covenant ,8852485.0,2681.0
The Craft ,210549.0,
The Crazies ,16067552.0,2.0
The Crew ,4051921.0,1510.0
The Crocodile Hunter: Collision Course ,9537123.0,2525.0
The Croods ,43639736.0,4046.0
The Curious Case of Benjamin Button ,26853816.0,2988.0
The Curse of the Jade Scorpion ,2459315.0,903.0
The Curse of the Were-Rabbit ,16025987.0,3645.0
The Da Vinci Code ,77073388.0,3735.0
The Dangerous Lives of Altar Boys ,55000.0,9.0
The Dark Knight Rises ,160887295.0,4404.0
The Dark Knight ,158411483.0,4366.0
The Darkest Hour ,3000000.0,2324.0
The Day After Tomorrow ,85807341.0,3425.0
The Debt ,9949109.0,1826.0
The Deep End of the Ocean ,5558400.0,1907.0
The Departed ,26887467.0,3017.0
The Descendants ,1190096.0,29.0
The Devil Wears Prada ,27537244.0,2847.0
The Devil's Advocate ,12170536.0,2161.0
The Devil's Double ,96414.0,5.0
The Devil's Own ,18063265.0,2504.0
The Dictator ,17435092.0,3008.0
The Dilemma ,17816230.0,2940.0
The Duchess ,190426.0,7.0
The Dukes of Hazzard ,30675314.0,3785.0
The Edge ,7733445.0,2351.0
The Emperor's Club ,3846780.0,809.0
The Emperor's New Groove ,9812302.0,2801.0
The End of the Affair ,198535.0,7.0
The English Patient ,278439.0,10.0
The Equalizer ,34137828.0,3236.0
The Exorcism of Emily Rose ,30054300.0,2981.0
The Expendables 2 ,28591370.0,3316.0
The Expendables 3 ,15879645.0,3221.0
The Expendables ,34825135.0,3270.0
The Express ,4562675.0,2808.0
The Eye ,12425776.0,2436.0
The Faculty ,11633495.0,2365.0
The Family Stone ,12521027.0,
The Fan ,6271406.0,2016.0
The Fast and the Furious: Tokyo Drift ,23973840.0,3027.0
The Fault in Our Stars ,48002523.0,3173.0
The Fifth Element ,17031345.0,2500.0
The Fifth Estate ,1714000.0,1769.0
The Fighter ,12135468.0,2503.0
The Final Destination ,27408309.0,3121.0
The Finest Hours ,10288932.0,3143.0
The First Wives Club ,18913411.0,1922.0
The Five-Year Engagement ,10610060.0,2936.0
The Flintstones in Viva Rock Vegas ,10518435.0,3040.0
The Forbidden Kingdom ,21401121.0,3151.0
The Fountain ,3768702.0,1472.0
The Four Feathers ,6857879.0,1912.0
The Funeral ,41768.0,2.0
The Game of Their Lives ,175336.0,64.0
The Game Plan ,22950971.0,3103.0
The Game ,14337029.0,2403.0
The General's Daughter ,22332053.0,2856.0
The Ghost and the Darkness ,9215063.0,2142.0
The Ghost Writer ,183009.0,4.0
The Girl Next Door ,6003806.0,2148.0
The Girl with the Dragon Tattoo ,12750000.0,2914.0
The Giver ,12305016.0,3003.0
The Glass House ,5738448.0,1591.0
The Glimmer Man ,7605504.0,2236.0
The Good Dinosaur ,39155217.0,3749.0
The Good German ,76817.0,5.0
The Good Night ,12377.0,2.0
The Good Thief ,131580.0,9.0
The Grand Budapest Hotel ,811166.0,4.0
The Great Debaters ,9184022.0,1171.0
The Great Raid ,3376009.0,819.0
The Greatest Game Ever Played ,3657322.0,1014.0
The Green Hornet ,33526876.0,3584.0
The Green Mile ,18017152.0,2875.0
The Grey ,19665101.0,3185.0
The Grudge 2 ,20825300.0,3211.0
The Guilt Trip ,5390000.0,2431.0
The Gunman ,5028702.0,2816.0
The Guru ,613485.0,62.0
The Hangover Part II ,85946294.0,3615.0
The Happening ,30517109.0,2986.0
The Hateful Eight ,16240000.0,
The Haunted Mansion ,24278410.0,3122.0
The Heat ,39115043.0,3181.0
The Hills Have Eyes II ,9686362.0,2.0
The Hills Have Eyes ,15708512.0,2620.0
The Hitchhiker's Guide to the Galaxy ,21103203.0,3133.0
The Hoax ,1449320.0,235.0
The Hobbit: An Unexpected Journey ,84617303.0,4045.0
The Hobbit: The Battle of the Five Armies ,54724334.0,3875.0
The Hobbit: The Desolation of Smaug ,73645197.0,3903.0
The Holiday ,12778913.0,
The Homesman ,139311.0,35.0
The Horse Whisperer ,13685488.0,2039.0
The Host ,314488.0,
The Hours ,338622.0,11.0
The House Bunny ,14533702.0,2714.0
The Hunchback of Notre Dame ,4293000.0,
The Hundred-Foot Journey ,11123000.0,2023.0
The Hunger Games: Catching Fire ,161125000.0,4163.0
The Hunger Games: Mockingjay - Part 1 ,121897634.0,4151.0
The Hunger Games: Mockingjay - Part 2 ,102665981.0,4175.0
The Hunger Games ,152535747.0,4137.0
The Hunted ,13482638.0,2516.0
The Hunting Party ,39609.0,4.0
The Huntsman: Winter's War ,19445035.0,3791.0
The Hunt ,43045.0,4.0
The Hurricane ,337000.0,11.0
The Hurt Locker ,145352.0,4.0
The Ice Storm ,75183.0,3.0
The Ides of March ,10470143.0,2199.0
The Imaginarium of Doctor Parnassus ,1762637.0,607.0
The Imitation Game ,7932292.0,747.0
The Immigrant ,44064.0,3.0
The Importance of Being Earnest ,500447.0,38.0
The Impossible ,143818.0,15.0
The In Crowd ,1505551.0,1357.0
The Incredible Burt Wonderstone ,10177257.0,3160.0
The Incredible Hulk ,55414050.0,3505.0
The Incredibles ,70467623.0,3933.0
The Infiltrator ,5303775.0,1601.0
The Informant! ,10464314.0,2505.0
The Informers ,300000.0,482.0
The Insider ,6712361.0,1809.0
The International ,10702613.0,2364.0
The Internship ,17325307.0,3366.0
The Intern ,17728313.0,3305.0
The Interpreter ,22822455.0,2758.0
The Interview ,1085515.0,581.0
The Invasion ,5951409.0,2776.0
The Invention of Lying ,7027472.0,1707.0
The Iron Lady ,220409.0,4.0
The Island of Dr. Moreau ,9101987.0,2035.0
The Italian Job ,19457944.0,2633.0
The Jackal ,15164595.0,2193.0
The Jacket ,2723682.0,1331.0
The Judge ,46590889.0,3003.0
The Jungle Book 2 ,14109797.0,2808.0
The Juror ,,
The Kid ,12687726.0,2167.0
The Killer Inside Me ,19248.0,4.0
The King's Speech ,355450.0,4.0
The Kingdom ,17135055.0,2793.0
The Kite Runner ,471713.0,35.0
The Ladies Man ,5426390.0,2022.0
The Ladykillers ,12634563.0,1583.0
The Lake House ,13616196.0,2645.0
The Last Airbender ,51804232.0,3169.0
The Last Castle ,7088213.0,2262.0
The Last Days on Mars ,4608.0,3.0
The Last Godfather ,101921.0,58.0
The Last Legion ,2746312.0,2002.0
The Last Samurai ,24271354.0,2908.0
The Last Shot ,164801.0,35.0
The Last Song ,16007426.0,2673.0
The Last Stand ,6281433.0,2913.0
The Last Station ,94093.0,3.0
The Last Witch Hunter ,10812861.0,3082.0
The League of Extraordinary Gentlemen ,23075892.0,3002.0
The Legend of Bagger Vance ,11516712.0,2061.0
The Legend of Hercules ,8600000.0,2104.0
The Legend of Zorro ,16328506.0,3520.0
The Lego Movie ,69050279.0,3775.0
The Libertine ,2202799.0,815.0
The Life Aquatic with Steve Zissou ,113085.0,2.0
The Life Before Her Eyes ,20220.0,8.0
The Life of David Gale ,7117225.0,2002.0
The Lincoln Lawyer ,13206453.0,2707.0
The Little Prince ,28140.0,45.0
The Little Vampire ,5719627.0,2009.0
The Lizzie McGuire Movie ,17338755.0,2825.0
The Lone Ranger ,29210849.0,3904.0
The Long Kiss Goodnight ,9065363.0,2247.0
The Longest Ride ,13019686.0,3366.0
The Longest Yard ,58613245.0,3634.0
The Longshots ,4080687.0,2089.0
The Lord of the Rings: The Fellowship of the Ring ,66114741.0,3359.0
The Lord of the Rings: The Return of the King ,72629713.0,3703.0
The Lord of the Rings: The Two Towers ,727645.0,126.0
The Losers ,9406348.0,2936.0
The Lost World: Jurassic Park ,90161880.0,3281.0
The Love Guru ,13907130.0,3012.0
The Lovely Bones ,116616.0,3.0
The Lucky Ones ,183088.0,425.0
The Lucky One ,22518358.0,3155.0
The Majestic ,7366207.0,2361.0
The Man from U.N.C.L.E. ,13535000.0,3638.0
The Man in the Iron Mask ,17271450.0,3101.0
The Man Who Knew Too Little ,4604819.0,2036.0
The Man with the Iron Fists ,7910980.0,1868.0
The Manchurian Candidate ,20018620.0,2867.0
The Man ,4065014.0,2040.0
The Martian ,54308575.0,3831.0
The Mask of Zorro ,22525855.0,2515.0
The Master of Disguise ,12554650.0,2565.0
The Master ,736311.0,5.0
The Matrix Reloaded ,91774413.0,3603.0
The Matrix Revolutions ,48475154.0,3502.0
The Matrix ,27788331.0,2849.0
The Maze Runner ,32512804.0,3604.0
The Mechanic ,11422006.0,2703.0
The Medallion ,8111324.0,2648.0
The Men Who Stare at Goats ,12706654.0,2443.0
The Merchant of Venice ,69868.0,4.0
The Messenger: The Story of Joan of Arc ,6360968.0,2147.0
The Mexican ,20108829.0,2951.0
The Midnight Meat Train ,34394.0,102.0
The Mirror Has Two Faces ,12210868.0,2489.0
The Monuments Men ,22700000.0,3083.0
The Mortal Instruments: City of Bones ,9336957.0,3118.0
The Mothman Prophecies ,11208851.0,2331.0
The Mummy Returns ,68139035.0,3401.0
The Mummy: Tomb of the Dragon Emperor ,40457770.0,3760.0
The Muppets ,29239026.0,3440.0
The Musketeer ,10312740.0,2438.0
The Nativity Story ,7849304.0,3083.0
The Negotiator ,10218831.0,2436.0
The New Guy ,9007833.0,2687.0
The New World ,57000.0,3.0
The Newton Boys ,4010245.0,1965.0
The Next Best Thing ,5870387.0,2007.0
The Next Three Days ,6542779.0,2564.0
The Ninth Gate ,6622518.0,1586.0
The Notebook ,13464745.0,2303.0
The November Man ,7660000.0,2776.0
The Number 23 ,14602867.0,2759.0
The Nut Job ,20550000.0,3427.0
The Nutcracker in 3D ,65894.0,45.0
The Nutty Professor ,25400000.0,2115.0
The Object of My Affection ,9725855.0,1890.0
The Odd Life of Timothy Green ,10822903.0,2598.0
The One ,19112404.0,2894.0
The Oogieloves in the Big Balloon Adventure ,443901.0,2160.0
The Other Boleyn Girl ,8203061.0,1166.0
The Other Guys ,35543162.0,3651.0
The Other Woman ,24763752.0,3205.0
The Others ,14089952.0,1678.0
The Out-of-Towners ,8224215.0,2102.0
The Pacifier ,30552694.0,3131.0
The Painted Veil ,71814.0,
The Passion of the Christ ,83848082.0,3043.0
The Patriot ,22413710.0,3061.0
The Peacemaker ,12311939.0,2362.0
The Peanuts Movie ,44213073.0,3897.0
The Perfect Game ,207329.0,218.0
The Perfect Storm ,41325042.0,3407.0
The Perks of Being a Wallflower ,228359.0,4.0
The Phantom of the Opera ,4001890.0,622.0
The Pianist ,2456117.0,773.0
The Pink Panther ,20220412.0,3477.0
The Pirates Who Don't Do Anything: A VeggieTales Movie ,4251320.0,1337.0
The Place Beyond the Pines ,279457.0,4.0
The Pledge ,5765347.0,1275.0
The Polar Express ,40428.0,11.0
The Postman ,5260324.0,2207.0
The Prestige ,14801808.0,2281.0
The Prince and Me ,9406378.0,2682.0
The Prince of Egypt ,14524321.0,3118.0
The Princess and the Frog ,786190.0,2.0
The Princess Diaries 2: Royal Engagement ,22956453.0,3472.0
The Princess Diaries ,22862269.0,2537.0
The Proposal ,33627598.0,3056.0
The Proposition ,62723.0,15.0
The Punisher ,13834527.0,2649.0
The Pursuit of Happyness ,26541709.0,2852.0
The Queen ,122014.0,3.0
The Quiet American ,63574.0,7.0
The Rage: Carrie 2 ,7065123.0,2286.0
The Railway Man ,61845.0,4.0
The Rainmaker ,10626507.0,2317.0
The Raven ,7289642.0,2203.0
The Reader ,2380376.0,1.0
The Relic ,9064143.0,2095.0
The Replacement Killers ,8046553.0,1936.0
The Replacements ,11039214.0,2754.0
The Return ,19795.0,3.0
The Revenant ,38000000.0,3375.0
The Ring Two ,35065237.0,3332.0
The Rite ,14789393.0,2985.0
The Road to El Dorado ,12846652.0,3218.0
The Road ,56692.0,50.0
The Rocker ,2636048.0,2784.0
The Rock ,2601000.0,
The Rookie ,16021684.0,2511.0
The Roommate ,15002635.0,2534.0
The Royal Tenenbaums ,276981.0,5.0
The Rugrats Movie ,27321470.0,2782.0
The Ruins ,8003241.0,2812.0
The Rundown ,18533765.0,3152.0
The Saint ,16278873.0,2307.0
The Salton Sea ,166309.0,15.0
The Santa Clause 2 ,29008696.0,3350.0
The Scorch Trials ,30316510.0,3791.0
The Scorpion King ,36075875.0,3444.0
The Secret Life of Bees ,10527799.0,1591.0
The Secret Life of Pets ,104352905.0,4370.0
The Secret Life of Walter Mitty ,13000000.0,2909.0
The Sentinel ,14367854.0,2822.0
The Shaggy Dog ,16310058.0,3501.0
The Shallows ,16800868.0,2962.0
The Shipping News ,318502.0,186.0
The Siege ,13931285.0,2541.0
The Simpsons Movie ,74036787.0,3922.0
The Sisterhood of the Traveling Pants 2 ,10678430.0,2707.0
The Sisterhood of the Traveling Pants ,9833340.0,2583.0
The Sitter ,9851435.0,2750.0
The Sixth Sense ,26681262.0,2161.0
The Skeleton Key ,16057945.0,2771.0
The Skulls ,11034885.0,2412.0
The Smurfs 2 ,17548389.0,3866.0
The Smurfs ,35611637.0,3395.0
The Soloist ,9716458.0,2024.0
The Son of No One ,18015.0,11.0
The Sorcerer's Apprentice ,17619622.0,3504.0
The Spanish Prisoner ,124011.0,7.0
The Spiderwick Chronicles ,24740537.0,3847.0
The Spirit ,6463278.0,2509.0
The SpongeBob Movie: Sponge Out of Water ,55365012.0,3641.0
The SpongeBob SquarePants Movie ,32018216.0,3212.0
The Spy Next Door ,12877043.0,2924.0
The Statement ,37220.0,7.0
The Stepfather ,11581586.0,2734.0
The Stepford Wives ,21406781.0,3057.0
The Story of Us ,9673080.0,2164.0
The Sum of All Fears ,31178526.0,3183.0
The Sweetest Thing ,9430667.0,2670.0
The Tailor of Panama ,1837068.0,199.0
The Taking of Pelham 1 2 3 ,23373102.0,3.0
The Tale of Despereaux ,10103675.0,2758.0
The Talented Mr. Ripley ,12738237.0,2307.0
The Tempest ,42436.0,5.0
The Terminal ,19053199.0,2811.0
The Texas Chainsaw Massacre: The Beginning ,18508228.0,2820.0
The Theory of Everything ,208763.0,5.0
The Thin Red Line ,11362226.0,1528.0
The Thirteenth Floor ,4278452.0,1815.0
The Thomas Crown Affair ,14600719.0,2427.0
The Three Musketeers ,8674452.0,3017.0
The Three Stooges ,17010125.0,3477.0
The Tigger Movie ,9427532.0,2723.0
The Time Machine ,22610437.0,2944.0
The Time Traveler's Wife ,18623171.0,2988.0
The Tooth Fairy ,,
The Town ,23808032.0,2861.0
The Transporter Refueled ,7130000.0,3434.0
The Tree of Life ,493788.0,4.0
The Truman Show ,31542121.0,2315.0
The Tuxedo ,15051028.0,3022.0
The Twilight Saga: Eclipse ,83637242.0,4468.0
The Twilight Saga: New Moon ,142839137.0,4.0
The Ugly Truth ,27605576.0,2882.0
The Unborn ,19810585.0,2357.0
The Upside of Anger ,211559.0,9.0
The Vatican Tapes ,321464.0,427.0
The Village ,50746142.0,3730.0
The Visual Bible: The Gospel of John ,98363.0,14.0
The Vow ,41202458.0,2958.0
The Walk ,1560299.0,448.0
The Warlords ,10073.0,3.0
The Warrior's Way ,3048665.0,1622.0
The Watch ,12750297.0,3168.0
The Water Diviner ,1220335.0,320.0
The Waterboy ,39414071.0,2664.0
The Weather Man ,4248465.0,1510.0
The Wedding Planner ,13510293.0,2785.0
The White Countess ,67712.0,10.0
The Whole Nine Yards ,15915676.0,2910.0
The Whole Ten Yards ,6685381.0,2654.0
The Widow of Saint-Pierre ,31702.0,1.0
The Wild Thornberrys Movie ,6013847.0,3012.0
The Wolf of Wall Street ,18361578.0,2557.0
The Wolfman ,35555065.0,3222.0
The Wolverine ,53113752.0,3924.0
The Woman in Black ,20874072.0,2855.0
The Women ,10115121.0,2962.0
The World Is Not Enough ,35519007.0,3163.0
The World's End ,8790237.0,1551.0
The World's Fastest Indian ,400782.0,114.0
The Yards ,57339.0,8.0
The Yellow Handkerchief ,37296.0,7.0
The Young and Prodigious T.S. Spivet ,33658.0,100.0
The Young Messiah ,3294876.0,1761.0
The Young Victoria ,160069.0,20.0
There Be Dragons ,705537.0,259.0
There Will Be Blood ,302845.0,2.0
There's Something About Mary ,13740644.0,2186.0
Things We Lost in the Fire ,1561949.0,1142.0
Think Like a Man Too ,29241911.0,2225.0
Think Like a Man ,33000000.0,2015.0
Thinner ,5679046.0,2009.0
Thir13en Ghosts ,15165355.0,2781.0
Thirteen Days ,46668.0,8.0
This Is 40 ,12030690.0,2913.0
This Is the End ,20719162.0,3055.0
This Is Where I Leave You ,11558149.0,2868.0
This Means War ,17405930.0,3189.0
Thomas and the Magic Railroad ,4154932.0,2106.0
Thor: The Dark World ,85737841.0,3841.0
Thor ,65723338.0,3955.0
Three Kings ,15847636.0,2942.0
Three to Tango ,4406135.0,2234.0
Thunder and the House of Magic ,4091.0,10.0
Thunderbirds ,2766810.0,2057.0
Timeline ,8440629.0,2787.0
Tin Cup ,10128834.0,2012.0
Tinker Tailor Soldier Spy ,310562.0,4.0
Titan A.E. ,9376845.0,2734.0
Titanic ,28638131.0,2674.0
TMNT ,24255205.0,
To Rome with Love ,361359.0,5.0
Tomcats ,6406076.0,2617.0
Tomorrow Never Dies ,25143007.0,2807.0
Topsy-Turvy ,32718.0,2.0
Torque ,11442203.0,2463.0
Tower Heist ,24025190.0,3367.0
Town & Country ,3029858.0,2222.0
Toy Story 2 ,57388839.0,3236.0
Toy Story 3 ,110307189.0,4028.0
Trade ,118086.0,90.0
Traffic ,15517549.0,1510.0
Training Day ,22550788.0,2712.0
Trainwreck ,30097040.0,3158.0
Train ,,
Transcendence ,10886386.0,3455.0
Transformers: Age of Extinction ,100038390.0,4233.0
Transformers: Dark of the Moon ,97400000.0,4013.0
Transformers: Revenge of the Fallen ,108966307.0,4234.0
Transsiberian ,34615.0,2.0
Trash ,10230.0,17.0
Treasure Planet ,12083248.0,3227.0
Triple 9 ,6109085.0,2205.0
TRON: Legacy ,44026211.0,3451.0
Tropic Thunder ,25812796.0,3319.0
Trouble with the Curve ,12162040.0,3212.0
True Grit ,24850000.0,3047.0
Tuck Everlasting ,5268764.0,1185.0
Turbo ,21312625.0,3806.0
Turbulence ,4464008.0,2094.0
Two Brothers ,6144160.0,2175.0
Two Can Play That Game ,7720942.0,1297.0
Two Lovers ,117591.0,7.0
Two Weeks Notice ,14328494.0,2755.0
U-571 ,19553310.0,2583.0
U2 3D ,964315.0,61.0
Ultraviolet ,9064880.0,2558.0
Unaccompanied Minors ,5815474.0,
Unbreakable ,30330771.0,2708.0
Unbroken ,30621445.0,3131.0
Under the Skin ,133154.0,4.0
Under the Tuscan Sun ,9751425.0,1226.0
Underclassman ,3086127.0,1132.0
Undercover Brother ,12037685.0,2167.0
Underworld: Awakening ,25306725.0,3078.0
Underworld: Evolution ,26857181.0,3207.0
Underworld: Rise of the Lycans ,20828511.0,2942.0
Underworld ,21753759.0,2915.0
Undisputed ,4548750.0,1102.0
Unfaithful ,14065277.0,2613.0
Unfinished Business ,4772613.0,2777.0
United 93 ,11478360.0,1795.0
United Passions ,607.0,10.0
Universal Soldier: The Return ,4605167.0,1639.0
Unstoppable ,22688457.0,3207.0
Untraceable ,11354069.0,2316.0
Up Close & Personal ,187067.0,
Up in the Air ,1181450.0,15.0
Up ,68108790.0,3.0
Urban Legends: Final Cut ,8505513.0,2539.0
Urban Legend ,10515444.0,2257.0
V for Vendetta ,25642640.0,3365.0
Vacation ,14681108.0,3411.0
Valentine's Day ,63135312.0,3665.0
Valiant ,5914722.0,2014.0
Valkyrie ,21027007.0,2711.0
Vampires Suck ,12202831.0,3233.0
Vanilla Sky ,25015518.0,2742.0
Vanity Fair ,6268925.0,1051.0
Vantage Point ,22874936.0,3149.0
Varsity Blues ,17515723.0,2121.0
Vera Drake ,13207.0,2.0
Vertical Limit ,15507845.0,2307.0
Vicky Cristina Barcelona ,3755575.0,692.0
Victor Frankenstein ,2469341.0,2797.0
Volcano ,14581740.0,2774.0
W. ,10505668.0,2030.0
Walk Hard: The Dewey Cox Story ,6257174.0,2650.0
Walk the Line ,22347341.0,2961.0
Walking with Dinosaurs 3D ,7300000.0,3231.0
Wall Street: Money Never Sleeps ,19011188.0,3565.0
WALL·E ,63087526.0,3992.0
Wanderlust ,6526650.0,2002.0
Wanted ,217432.0,71.0
War Horse ,14527972.0,2376.0
War of the Worlds ,77061953.0,3908.0
Warcraft ,24166110.0,3400.0
Warm Bodies ,20353967.0,3009.0
Warriors of Virtue ,3277084.0,2101.0
Wasabi ,17560.0,5.0
Watchmen ,55214334.0,3611.0
Water for Elephants ,16842353.0,2817.0
We Are Marshall ,8582508.0,
We Bought a Zoo ,9450000.0,3117.0
We Own the Night ,10826287.0,2362.0
We Were Soldiers ,20212543.0,3143.0
We're the Millers ,26419396.0,3260.0
"Welcome Home, Roscoe Jenkins ",16207730.0,2387.0
Welcome to Collinwood ,75180.0,16.0
Welcome to Mooseport ,6775132.0,2867.0
What a Girl Wants ,11434964.0,2964.0
What Dreams May Come ,15833592.0,2526.0
What Happens in Vegas ,20172474.0,3215.0
What Just Happened ,192508.0,36.0
What Lies Beneath ,29702959.0,2813.0
What Planet Are You From? ,3008746.0,2248.0
What to Expect When You're Expecting ,10547068.0,3476.0
What Women Want ,33614543.0,3012.0
What's the Worst That Could Happen? ,13049114.0,2675.0
What's Your Number? ,5421669.0,3002.0
Whatever It Takes ,4104298.0,2272.0
Whatever Works ,266162.0,9.0
When a Stranger Calls ,21607203.0,2999.0
When the Game Stands Tall ,8381509.0,2673.0
Where the Heart Is ,8292939.0,2437.0
Where the Truth Lies ,37726.0,9.0
Where the Wild Things Are ,32695407.0,3735.0
Whip It ,4650812.0,1721.0
White Chicks ,19676748.0,2726.0
White House Down ,24852258.0,3222.0
White Oleander ,5607480.0,1510.0
White Squall ,3908514.0,1524.0
Whiteout ,4915104.0,2745.0
Why Did I Get Married Too? ,29289537.0,2155.0
Why Did I Get Married? ,21353759.0,2011.0
Wicker Park ,6819393.0,2598.0
Wild Card ,,
Wild Hogs ,39699023.0,3.0
Wild Wild West ,49705055.0,3342.0
Wild ,4113752.0,1061.0
Willard ,4010593.0,1761.0
Win a Date with Tad Hamilton! ,7320066.0,2711.0
Windtalkers ,14520412.0,2898.0
Wing Commander ,5114365.0,2019.0
Winged Migration ,33128.0,1.0
Winnie Mandela ,,
Winnie the Pooh ,7857076.0,2405.0
Winter's Tale ,8007059.0,2965.0
Without a Paddle ,13528946.0,2730.0
Without Limits ,56180.0,5.0
Woman in Gold ,2091551.0,258.0
Won't Back Down ,2603370.0,2515.0
Wonder Boys ,87505.0,15.0
Woo ,2517263.0,625.0
World Trade Center ,18730762.0,
World War Z ,66411834.0,3607.0
Wrath of the Titans ,33457188.0,
Wreck-It Ralph ,49038712.0,3752.0
X-Men Origins: Wolverine ,85058003.0,4099.0
X-Men: Apocalypse ,65000000.0,4150.0
X-Men: Days of Future Past ,90823660.0,3996.0
X-Men: First Class ,55101604.0,3641.0
X-Men: The Last Stand ,122861157.0,
X-Men ,54471475.0,3025.0
Xi you ji zhi: Sun Wukong san da Baigu Jing ,,
xXx: State of the Union ,12712272.0,3480.0
xXx ,44506103.0,3374.0
Year One ,19610304.0,3022.0
Yes Man ,18262471.0,3434.0
Yogi Bear ,16411322.0,3515.0
You Again ,8407513.0,2548.0
You Don't Mess with the Zohan ,38531374.0,3462.0
You Will Meet a Tall Dark Stranger ,160103.0,6.0
You've Got Mail ,18426749.0,2691.0
"You, Me and Dupree ",21525560.0,3131.0
Young Adult ,310263.0,8.0
Your Highness ,9360020.0,2769.0
Youth in Revolt ,6888334.0,1873.0
Zack and Miri Make a Porno ,10065630.0,2735.0
Zero Dark Thirty ,417150.0,5.0
Zodiac ,13395610.0,
Zombieland ,24733155.0,3036.0
Zookeeper ,20065617.0,3482.0
Zoolander 2 ,15650000.0,3394.0
Zoom ,4510408.0,
Æon Flux ,12661112.0,
